TAP version 13
# Subtest: E-04 fixture and browser-audit byte fingerprints are unchanged
ok 1 - E-04 fixture and browser-audit byte fingerprints are unchanged
  ---
  duration_ms: 1.457096
  type: 'test'
  ...
# Subtest: E-04 drift check detects changed bytes and reports the exact source
ok 2 - E-04 drift check detects changed bytes and reports the exact source
  ---
  duration_ms: 2.003591
  type: 'test'
  ...
# Subtest: E-04 browser-harness pin changes preserve each reviewed semantic delta
ok 3 - E-04 browser-harness pin changes preserve each reviewed semantic delta
  ---
  duration_ms: 26.806463
  type: 'test'
  ...
# Subtest: E-04 retry-fixture source pin changes have bounded semantic review
ok 4 - E-04 retry-fixture source pin changes have bounded semantic review
  ---
  duration_ms: 0.702063
  type: 'test'
  ...
# Subtest: E-04 pin paths resolve to the exact observed source bytes
ok 5 - E-04 pin paths resolve to the exact observed source bytes
  ---
  duration_ms: 10.462211
  type: 'test'
  ...
# Subtest: browser audit retains the six ordered responsive viewport sweeps
ok 6 - browser audit retains the six ordered responsive viewport sweeps
  ---
  duration_ms: 10.563329
  type: 'test'
  ...
# Subtest: report declares requested browser coverage without equating geometry with design quality
ok 7 - report declares requested browser coverage without equating geometry with design quality
  ---
  duration_ms: 0.697376
  type: 'test'
  ...
# Subtest: screen-reader, canonical visual references, and independent review remain explicit unverified gates
ok 8 - screen-reader, canonical visual references, and independent review remain explicit unverified gates
  ---
  duration_ms: 0.459477
  type: 'test'
  ...
# Subtest: text scaling uses the DevTools CSS domain and degrades to an explicit unsupported result
ok 9 - text scaling uses the DevTools CSS domain and degrades to an explicit unsupported result
  ---
  duration_ms: 3.31366
  type: 'test'
  ...
# Subtest: touch audit excludes only disabled or hidden targets and delegates transparent toggles to visible labels
ok 10 - touch audit excludes only disabled or hidden targets and delegates transparent toggles to visible labels
  ---
  duration_ms: 3.813191
  type: 'test'
  ...
# Subtest: Media Product Definition has one declared semantic source across implementation repositories
ok 11 - Media Product Definition has one declared semantic source across implementation repositories
  ---
  duration_ms: 7.18097
  type: 'test'
  ...
# Subtest: Lifecycle admission uses its public package export and the full consumer contract arguments
ok 12 - Lifecycle admission uses its public package export and the full consumer contract arguments
  ---
  duration_ms: 1.312565
  type: 'test'
  ...
# Subtest: technology register distinguishes selection from license and artifact qualification
ok 13 - technology register distinguishes selection from license and artifact qualification
  ---
  duration_ms: 9.647705
  type: 'test'
  ...
# Subtest: tool registry records the exact four handler-observed contracts without implying admission
ok 14 - tool registry records the exact four handler-observed contracts without implying admission
  ---
  duration_ms: 4.916731
  type: 'test'
  ...
# Subtest: all four entries inventory validated inputs while retaining output and operation admission gates
ok 15 - all four entries inventory validated inputs while retaining output and operation admission gates
  ---
  duration_ms: 1.238231
  type: 'test'
  ...
# Subtest: tool registry rejects missing, extra, or duplicate handler entries and missing observed fields
ok 16 - tool registry rejects missing, extra, or duplicate handler entries and missing observed fields
  ---
  duration_ms: 2.88284
  type: 'test'
  ...
# Subtest: each handler input/error source drift is rejected independently
ok 17 - each handler input/error source drift is rejected independently
  ---
  duration_ms: 7.549877
  type: 'test'
  ...
# Subtest: registry distinguishes pre-dispatch local failures from ambiguous post-dispatch outcomes
ok 18 - registry distinguishes pre-dispatch local failures from ambiguous post-dispatch outcomes
  ---
  duration_ms: 0.570816
  type: 'test'
  ...
# Subtest: registry rejects accidental runtime, operation, authority, or finality promotion
ok 19 - registry rejects accidental runtime, operation, authority, or finality promotion
  ---
  duration_ms: 2.086791
  type: 'test'
  ...
# Subtest: runtime source observation does not turn Tools build resolution into Shared owner acceptance
ok 20 - runtime source observation does not turn Tools build resolution into Shared owner acceptance
  ---
  duration_ms: 0.432933
  type: 'test'
  ...
# Subtest: owner-selected operation families remain definition-only until handler bindings and admission are proved
ok 21 - owner-selected operation families remain definition-only until handler bindings and admission are proved
  ---
  duration_ms: 0.94702
  type: 'test'
  ...
# Subtest: adapter input validation and generic unknown outcome support do not admit Media tool execution
ok 22 - adapter input validation and generic unknown outcome support do not admit Media tool execution
  ---
  duration_ms: 0.751562
  type: 'test'
  ...
# Subtest: X-05 records typed opaque media inputs without inferring Media execution or provider qualification
ok 23 - X-05 records typed opaque media inputs without inferring Media execution or provider qualification
  ---
  duration_ms: 211.296175
  type: 'test'
  ...
# Subtest: exact upload/artifact/job queries retain owner-scoped authority and actual handler guards
ok 24 - exact upload/artifact/job queries retain owner-scoped authority and actual handler guards
  ---
  duration_ms: 511.714014
  type: 'test'
  ...
# Subtest: family approval cannot bypass per-operation review, context or finality
ok 25 - family approval cannot bypass per-operation review, context or finality
  ---
  duration_ms: 1526.975773
  type: 'test'
  ...
# Subtest: renamed route, missing principal guard and leaked absence each reject the exact source binding
ok 26 - renamed route, missing principal guard and leaked absence each reject the exact source binding
  ---
  duration_ms: 1758.829879
  type: 'test'
  ...
# Subtest: capability review source pin changes are reconciled to the reviewed goal semantics
ok 27 - capability review source pin changes are reconciled to the reviewed goal semantics
  ---
  duration_ms: 63068.997112
  type: 'test'
  ...
# Subtest: operation source changes reconcile affected leaf links without promoting coverage
ok 28 - operation source changes reconcile affected leaf links without promoting coverage
  ---
  duration_ms: 18672.056683
  type: 'test'
  ...
# Subtest: domain catalog identity changes reconcile to zero capability leaf references
ok 29 - domain catalog identity changes reconcile to zero capability leaf references
  ---
  duration_ms: 76.578847
  type: 'test'
  ...
# Subtest: non-inventoried constitution and actor records are not misrepresented as capability evidence
ok 30 - non-inventoried constitution and actor records are not misrepresented as capability evidence
  ---
  duration_ms: 0.676602
  type: 'test'
  ...
# Subtest: selected action definition source change retains historical pins without promoting capability coverage
ok 31 - selected action definition source change retains historical pins without promoting capability coverage
  ---
  duration_ms: 4.494117
  type: 'test'
  ...
# Subtest: project definition source reconciliations retain exact HEAD history and current pins without capability promotion
ok 32 - project definition source reconciliations retain exact HEAD history and current pins without capability promotion
  ---
  duration_ms: 1.849029
  type: 'test'
  ...
# Subtest: caption-version definition source reconciliations chain from J-01 history without promoting leaves
ok 33 - caption-version definition source reconciliations chain from J-01 history without promoting leaves
  ---
  duration_ms: 2.060485
  type: 'test'
  ...
# Subtest: transcript-version source reconciliations chain from caption pins without promoting capability coverage
ok 34 - transcript-version source reconciliations chain from caption pins without promoting capability coverage
  ---
  duration_ms: 64.236311
  type: 'test'
  ...
# Subtest: caption-draft source reconciliations chain from transcript pins without changing capability coverage
ok 35 - caption-draft source reconciliations chain from transcript pins without changing capability coverage
  ---
  duration_ms: 1.842186
  type: 'test'
  ...
# Subtest: transcription-submission definition reconciliation extends the draft chain without admitting coverage
ok 36 - transcription-submission definition reconciliation extends the draft chain without admitting coverage
  ---
  duration_ms: 61.398146
  type: 'test'
  ...
# Subtest: caption capabilities bind exact existing registration and comparison source identities
ok 37 - caption capabilities bind exact existing registration and comparison source identities
  ---
  duration_ms: 10.182673
  type: 'test'
  ...
# Subtest: caption definitions reject swapped scope, stale pointers and invented admission
ok 38 - caption definitions reject swapped scope, stale pointers and invented admission
  ---
  duration_ms: 3775.227665
  type: 'test'
  ...
# Subtest: internal provenance metadata and declared clocks cannot admit export or scientific quality
ok 39 - internal provenance metadata and declared clocks cannot admit export or scientific quality
  ---
  duration_ms: 767.880027
  type: 'test'
  ...
# Subtest: two existing draft actions bind one local derivation slice while forced alignment stays distinct
ok 40 - two existing draft actions bind one local derivation slice while forced alignment stays distinct
  ---
  duration_ms: 14.780922
  type: 'test'
  ...
# Subtest: draft slice rejects stale source bindings and promoted persistence or alignment admission
ok 41 - draft slice rejects stale source bindings and promoted persistence or alignment admission
  ---
  duration_ms: 3836.21339
  type: 'test'
  ...
# Subtest: manual user ticks cannot qualify a forced-alignment operation or immutable registration
ok 42 - manual user ticks cannot qualify a forced-alignment operation or immutable registration
  ---
  duration_ms: 4116.068285
  type: 'test'
  ...
# Subtest: J03 steps 5 and 6 bind only the two existing caption-draft edit branches
ok 43 - J03 steps 5 and 6 bind only the two existing caption-draft edit branches
  ---
  duration_ms: 5.613615
  type: 'test'
  ...
# Subtest: draft operation, PDP2 grammar, and experience steps agree on CAS, exact lineage, and clock guards
ok 44 - draft operation, PDP2 grammar, and experience steps agree on CAS, exact lineage, and clock guards
  ---
  duration_ms: 0.82978
  type: 'test'
  ...
# Subtest: action and screen definitions keep conditional local undo out of public reversible booleans
ok 45 - action and screen definitions keep conditional local undo out of public reversible booleans
  ---
  duration_ms: 3.652052
  type: 'test'
  ...
# Subtest: selected source bindings preserve same-draft recovery and do not admit remote or canonical effects
ok 46 - selected source bindings preserve same-draft recovery and do not admit remote or canonical effects
  ---
  duration_ms: 0.586989
  type: 'test'
  ...
# Subtest: negative mutations cannot broaden timing, undo, or effect scope
ok 47 - negative mutations cannot broaden timing, undo, or effect scope
  ---
  duration_ms: 44.727154
  type: 'test'
  ...
# Subtest: J03-4 transcript read hands only exact identity into guarded host-local draft preparation
ok 48 - J03-4 transcript read hands only exact identity into guarded host-local draft preparation
  ---
  duration_ms: 6.287762
  type: 'test'
  ...
# Subtest: editor screen accepts only the same guarded prepared value and preserves pending screen admission
ok 49 - editor screen accepts only the same guarded prepared value and preserves pending screen admission
  ---
  duration_ms: 0.466343
  type: 'test'
  ...
# Subtest: draft result preserves PDP-1 segment timing union and MIXED aggregate without promotion
ok 50 - draft result preserves PDP-1 segment timing union and MIXED aggregate without promotion
  ---
  duration_ms: 0.650386
  type: 'test'
  ...
# Subtest: negative source mutations reject guessed identity, wrong parent, generated segmentation, and false runtime admission
ok 51 - negative source mutations reject guessed identity, wrong parent, generated segmentation, and false runtime admission
  ---
  duration_ms: 0.723215
  type: 'test'
  ...
# Subtest: host handoff does not grow journey, step, or action populations
ok 52 - host handoff does not grow journey, step, or action populations
  ---
  duration_ms: 0.424397
  type: 'test'
  ...
# Subtest: J-03 caption draft grammar cross-checks exact existing actions, operation, request branches and output fields
ok 53 - J-03 caption draft grammar cross-checks exact existing actions, operation, request branches and output fields
  ---
  duration_ms: 23330.543219
  type: 'test'
  ...
# Subtest: caption draft grammar rejects operation/action swaps, implicit clock use, commit promotion, and unconditional undo
ok 54 - caption draft grammar rejects operation/action swaps, implicit clock use, commit promotion, and unconditional undo
  ---
  duration_ms: 19774.32579
  type: 'test'
  ...
# Subtest: caption draft grammar makes no production transport or provider-equivalence claims
ok 55 - caption draft grammar makes no production transport or provider-equivalence claims
  ---
  duration_ms: 34.86482
  type: 'test'
  ...
# Subtest: caption draft edit definition
ok 56 - caption draft edit definition
  ---
  duration_ms: 8551.990961
  type: 'test'
  ...
# Subtest: caption draft source observations remain synthetic and do not claim a correction provider
ok 57 - caption draft source observations remain synthetic and do not claim a correction provider
  ---
  duration_ms: 0.653295
  type: 'test'
  ...
# Subtest: J-03 binds only existing save and exact-pair compare operations, preserving the global experience population
ok 58 - J-03 binds only existing save and exact-pair compare operations, preserving the global experience population
  ---
  duration_ms: 2692.485038
  type: 'test'
  ...
# Subtest: J-03 source bindings reject swapped lineage, unsafe request replay, promoted runtime, and provenance export
ok 59 - J-03 source bindings reject swapped lineage, unsafe request replay, promoted runtime, and provenance export
  ---
  duration_ms: 25.731163
  type: 'test'
  ...
# Subtest: PXD-060 projects only the exact immutable-registration effect and rejects forged action, operation, grammar, source, or admission
ok 60 - PXD-060 projects only the exact immutable-registration effect and rejects forged action, operation, grammar, source, or admission
  ---
  duration_ms: 113.060361
  type: 'test'
  ...
# Subtest: J-03 caption save and comparison grammar binds exact existing operations and remains definition-only
ok 61 - J-03 caption save and comparison grammar binds exact existing operations and remains definition-only
  ---
  duration_ms: 21803.277188
  type: 'test'
  ...
# Subtest: caption grammar rejects runtime promotion, new transport identities, and unsafe write recovery
ok 62 - caption grammar rejects runtime promotion, new transport identities, and unsafe write recovery
  ---
  duration_ms: 20214.223035
  type: 'test'
  ...
# Subtest: caption grammar keeps fixture CLI distinct and makes no unsupported interface claims
ok 63 - caption grammar keeps fixture CLI distinct and makes no unsupported interface claims
  ---
  duration_ms: 55.533141
  type: 'test'
  ...
# Subtest: caption version registration definition
ok 64 - caption version registration definition
  ---
  duration_ms: 4474.711811
  type: 'test'
  ...
# Subtest: caption version comparison definition
ok 65 - caption version comparison definition
  ---
  duration_ms: 2916.660123
  type: 'test'
  ...
# Subtest: J-03 steps 7 and 8 bind the existing operations and preserve source observations as synthetic only
ok 66 - J-03 steps 7 and 8 bind the existing operations and preserve source observations as synthetic only
  ---
  duration_ms: 364.193325
  type: 'test'
  ...
# Subtest: caption save and compare operations bind only exact source-supported UI and CLI identities
ok 67 - caption save and compare operations bind only exact source-supported UI and CLI identities
  ---
  duration_ms: 340.802022
  type: 'test'
  ...
# Subtest: source parity rejects missing operation, wrong CLI crosswalk, and missing required version input
ok 68 - source parity rejects missing operation, wrong CLI crosswalk, and missing required version input
  ---
  duration_ms: 661.49364
  type: 'test'
  ...
# Subtest: source parity rejects mismatched command/action dispatch and stale error semantics
ok 69 - source parity rejects mismatched command/action dispatch and stale error semantics
  ---
  duration_ms: 522.262847
  type: 'test'
  ...
# Subtest: source parity rejects fixture-namespace and unsupported SDK/transport promotion
ok 70 - source parity rejects fixture-namespace and unsupported SDK/transport promotion
  ---
  duration_ms: 1009.062181
  type: 'test'
  ...
# Subtest: one installed CLI identity maps to the accepted scoped artifact query without merging fixture populations
ok 71 - one installed CLI identity maps to the accepted scoped artifact query without merging fixture populations
  ---
  duration_ms: 22278.987089
  type: 'test'
  ...
# Subtest: source crosswalk rejects claims that the fixture CLI is production or that unrelated identities are resolved
ok 72 - source crosswalk rejects claims that the fixture CLI is production or that unrelated identities are resolved
  ---
  duration_ms: 6.550374
  type: 'test'
  ...
# Subtest: compatibility ledger preserves canonical-source and unverified-cutover boundary
ok 73 - compatibility ledger preserves canonical-source and unverified-cutover boundary
  ---
  duration_ms: 8.308622
  type: 'test'
  ...
# Subtest: ledger records every observed local Gradle and Docker compatibility path
ok 74 - ledger records every observed local Gradle and Docker compatibility path
  ---
  duration_ms: 8.966412
  type: 'test'
  ...
# Subtest: quarantined obsolete workflow paths remain explicitly inactive observations
ok 75 - quarantined obsolete workflow paths remain explicitly inactive observations
  ---
  duration_ms: 6.789291
  type: 'test'
  ...
# Subtest: local consumer evidence and external gates cannot silently disappear
ok 76 - local consumer evidence and external gates cannot silently disappear
  ---
  duration_ms: 10.772283
  type: 'test'
  ...
# Subtest: reuse audit completeness counts derive from the component contract source
ok 77 - reuse audit completeness counts derive from the component contract source
  ---
  duration_ms: 15.948878
  type: 'test'
  ...
# Subtest: all 31 existing definitions retain exact role, anatomy, interaction and accessibility ownership
ok 78 - all 31 existing definitions retain exact role, anatomy, interaction and accessibility ownership
  ---
  duration_ms: 227.174163
  type: 'test'
  ...
# Subtest: missing, duplicate, stale and unknown component definitions fail without reducing the population
ok 79 - missing, duplicate, stale and unknown component definitions fail without reducing the population
  ---
  duration_ms: 591.17287
  type: 'test'
  ...
# Subtest: definition classification cannot impersonate implementation or independent acceptance
ok 80 - definition classification cannot impersonate implementation or independent acceptance
  ---
  duration_ms: 304.853622
  type: 'test'
  ...
# Subtest: public contracts require exact export and prop sources; contract-only records cannot invent props
ok 81 - public contracts require exact export and prop sources; contract-only records cannot invent props
  ---
  duration_ms: 331.52089
  type: 'test'
  ...
# Subtest: component definition proof: media.component.identity-context-boundary
ok 82 - component definition proof: media.component.identity-context-boundary
  ---
  duration_ms: 705.978497
  type: 'test'
  ...
# Subtest: component definition proof: media.component.intent-launcher
ok 83 - component definition proof: media.component.intent-launcher
  ---
  duration_ms: 428.564185
  type: 'test'
  ...
# Subtest: component definition proof: media.component.project-browser
ok 84 - component definition proof: media.component.project-browser
  ---
  duration_ms: 499.167251
  type: 'test'
  ...
# Subtest: component definition proof: media.component.project-context-summary
ok 85 - component definition proof: media.component.project-context-summary
  ---
  duration_ms: 330.164715
  type: 'test'
  ...
# Subtest: component definition proof: media.component.creation-plan-summary
ok 86 - component definition proof: media.component.creation-plan-summary
  ---
  duration_ms: 498.575284
  type: 'test'
  ...
# Subtest: component definition proof: media.component.source-picker
ok 87 - component definition proof: media.component.source-picker
  ---
  duration_ms: 522.892747
  type: 'test'
  ...
# Subtest: component definition proof: media.component.source-player
ok 88 - component definition proof: media.component.source-player
  ---
  duration_ms: 537.389625
  type: 'test'
  ...
# Subtest: component definition proof: media.component.transcript-review
ok 89 - component definition proof: media.component.transcript-review
  ---
  duration_ms: 430.424181
  type: 'test'
  ...
# Subtest: component definition proof: media.component.caption-track-editor
ok 90 - component definition proof: media.component.caption-track-editor
  ---
  duration_ms: 216.261339
  type: 'test'
  ...
# Subtest: component definition proof: media.component.job-status-card
ok 91 - component definition proof: media.component.job-status-card
  ---
  duration_ms: 212.988284
  type: 'test'
  ...
# Subtest: component definition proof: media.component.provenance-summary
ok 92 - component definition proof: media.component.provenance-summary
  ---
  duration_ms: 197.68574
  type: 'test'
  ...
# Subtest: component definition proof: media.component.artifact-source-picker
ok 93 - component definition proof: media.component.artifact-source-picker
  ---
  duration_ms: 216.759364
  type: 'test'
  ...
# Subtest: component definition proof: media.component.artifact-transfer-status
ok 94 - component definition proof: media.component.artifact-transfer-status
  ---
  duration_ms: 242.9605
  type: 'test'
  ...
# Subtest: component definition proof: media.component.artifact-integrity-summary
ok 95 - component definition proof: media.component.artifact-integrity-summary
  ---
  duration_ms: 381.073629
  type: 'test'
  ...
# Subtest: component definition proof: media.component.artifact-browser
ok 96 - component definition proof: media.component.artifact-browser
  ---
  duration_ms: 381.430629
  type: 'test'
  ...
# Subtest: component definition proof: media.component.waveform-spectrogram
ok 97 - component definition proof: media.component.waveform-spectrogram
  ---
  duration_ms: 345.167019
  type: 'test'
  ...
# Subtest: component definition proof: media.component.storyboard
ok 98 - component definition proof: media.component.storyboard
  ---
  duration_ms: 280.521873
  type: 'test'
  ...
# Subtest: component definition proof: media.component.timeline-keyframe-editor
ok 99 - component definition proof: media.component.timeline-keyframe-editor
  ---
  duration_ms: 426.373323
  type: 'test'
  ...
# Subtest: component definition proof: media.component.audio-mixer
ok 100 - component definition proof: media.component.audio-mixer
  ---
  duration_ms: 332.318475
  type: 'test'
  ...
# Subtest: component definition proof: media.component.mask-tracking-editor
ok 101 - component definition proof: media.component.mask-tracking-editor
  ---
  duration_ms: 263.446741
  type: 'test'
  ...
# Subtest: component definition proof: media.component.scene-inspector
ok 102 - component definition proof: media.component.scene-inspector
  ---
  duration_ms: 258.083081
  type: 'test'
  ...
# Subtest: component definition proof: media.component.simulation-instruments
ok 103 - component definition proof: media.component.simulation-instruments
  ---
  duration_ms: 254.699903
  type: 'test'
  ...
# Subtest: component definition proof: media.component.result-comparison
ok 104 - component definition proof: media.component.result-comparison
  ---
  duration_ms: 207.288547
  type: 'test'
  ...
# Subtest: component definition proof: media.component.quality-inspector
ok 105 - component definition proof: media.component.quality-inspector
  ---
  duration_ms: 226.0341
  type: 'test'
  ...
# Subtest: component definition proof: media.component.delivery-profile-picker
ok 106 - component definition proof: media.component.delivery-profile-picker
  ---
  duration_ms: 255.632479
  type: 'test'
  ...
# Subtest: component definition proof: media.component.rights-retention-review
ok 107 - component definition proof: media.component.rights-retention-review
  ---
  duration_ms: 311.831114
  type: 'test'
  ...
# Subtest: component definition proof: media.component.activity-recovery-feed
ok 108 - component definition proof: media.component.activity-recovery-feed
  ---
  duration_ms: 506.993604
  type: 'test'
  ...
# Subtest: component definition proof: media.component.progress-indicator
ok 109 - component definition proof: media.component.progress-indicator
  ---
  duration_ms: 371.48144
  type: 'test'
  ...
# Subtest: component definition proof: media.component.task-flow
ok 110 - component definition proof: media.component.task-flow
  ---
  duration_ms: 395.186553
  type: 'test'
  ...
# Subtest: component definition proof: media.component.voice-production-workflow
ok 111 - component definition proof: media.component.voice-production-workflow
  ---
  duration_ms: 395.330163
  type: 'test'
  ...
# Subtest: component definition proof: media.component.cli-output
ok 112 - component definition proof: media.component.cli-output
  ---
  duration_ms: 351.467359
  type: 'test'
  ...
# Subtest: typed contract catalog validation rejects missing, duplicate, stale, and non-admitted operation bindings
ok 113 - typed contract catalog validation rejects missing, duplicate, stale, and non-admitted operation bindings
  ---
  duration_ms: 519.79518
  type: 'test'
  ...
# Subtest: preserves matching OpenAPI/runtime/PDP-3 route identity while reporting semantic proposals non-green
ok 114 - preserves matching OpenAPI/runtime/PDP-3 route identity while reporting semantic proposals non-green
  ---
  duration_ms: 7.324301
  type: 'test'
  ...
# Subtest: keeps the two remaining parity findings open because current sources lack authoritative contracts
ok 115 - keeps the two remaining parity findings open because current sources lack authoritative contracts
  ---
  duration_ms: 223.005335
  type: 'test'
  ...
# Subtest: detects HTTP route or operation identity drift
ok 116 - detects HTTP route or operation identity drift
  ---
  duration_ms: 1.1478
  type: 'test'
  ...
# Subtest: rejects SDK client path divergence from the runtime routes
ok 117 - rejects SDK client path divergence from the runtime routes
  ---
  duration_ms: 1.259514
  type: 'test'
  ...
# Subtest: source-dispositioned legacy paths reconcile individually without becoming OpenAPI bindings
ok 118 - source-dispositioned legacy paths reconcile individually without becoming OpenAPI bindings
  ---
  duration_ms: 4.502005
  type: 'test'
  ...
# Subtest: four SDK identities without OpenAPI routes have explicit NOT_ADMITTED parity dispositions
ok 119 - four SDK identities without OpenAPI routes have explicit NOT_ADMITTED parity dispositions
  ---
  duration_ms: 12.646781
  type: 'test'
  ...
# Subtest: binds the exact existing upload-session SDK read to the individually approved inspect-upload query only
ok 120 - binds the exact existing upload-session SDK read to the individually approved inspect-upload query only
  ---
  duration_ms: 12.035049
  type: 'test'
  ...
# Subtest: maps each existing SDK upload command only to its exact method, active route, operation ID, and bounded decision
ok 121 - maps each existing SDK upload command only to its exact method, active route, operation ID, and bounded decision
  ---
  duration_ms: 10.759706
  type: 'test'
  ...
# Subtest: reports stale route dispositions instead of silently changing the parity denominator
ok 122 - reports stale route dispositions instead of silently changing the parity denominator
  ---
  duration_ms: 1.380087
  type: 'test'
  ...
# Subtest: reconciles the SDK registry-method count warning only when all source call sites parsed
ok 123 - reconciles the SDK registry-method count warning only when all source call sites parsed
  ---
  duration_ms: 1.038207
  type: 'test'
  ...
# Subtest: rejects an SDK HTTP method mismatch even when the normalized path matches
ok 124 - rejects an SDK HTTP method mismatch even when the normalized path matches
  ---
  duration_ms: 0.571352
  type: 'test'
  ...
# Subtest: normalizes SDK path parameters before comparing method and route
ok 125 - normalizes SDK path parameters before comparing method and route
  ---
  duration_ms: 0.526658
  type: 'test'
  ...
# Subtest: extracts explicit verbs from request, fetch, submit, and facade call sites
ok 126 - extracts explicit verbs from request, fetch, submit, and facade call sites
  ---
  duration_ms: 0.873514
  type: 'test'
  ...
# Subtest: SDK registry method extraction excludes control tokens and built-in calls but retains public methods
ok 127 - SDK registry method extraction excludes control tokens and built-in calls but retains public methods
  ---
  duration_ms: 2.285223
  type: 'test'
  ...
# Subtest: SDK source discovery includes a third recursively discovered public class source
ok 128 - SDK source discovery includes a third recursively discovered public class source
  ---
  duration_ms: 4.99661
  type: 'test'
  ...
# Subtest: typed UI action dispositions reconcile exactly to the 146 source identities
ok 129 - typed UI action dispositions reconcile exactly to the 146 source identities
  ---
  duration_ms: 182.870021
  type: 'test'
  ...
# Subtest: the two UI action binding views reconcile exact PDP-1 refs and preserve every other action unresolved
ok 130 - the two UI action binding views reconcile exact PDP-1 refs and preserve every other action unresolved
  ---
  duration_ms: 185.383173
  type: 'test'
  ...
# Subtest: reports an unparsed HTTP method instead of silently passing the route
ok 131 - reports an unparsed HTTP method instead of silently passing the route
  ---
  duration_ms: 0.526596
  type: 'test'
  ...
# Subtest: compares protobuf RPC identities with the gRPC registry
ok 132 - compares protobuf RPC identities with the gRPC registry
  ---
  duration_ms: 0.412915
  type: 'test'
  ...
# Subtest: semantic candidates never contradict the HTTP and gRPC typed role dispositions
ok 133 - semantic candidates never contradict the HTTP and gRPC typed role dispositions
  ---
  duration_ms: 92.523686
  type: 'test'
  ...
# Subtest: changing global operation scope to accepted cannot bypass exact record review
ok 134 - changing global operation scope to accepted cannot bypass exact record review
  ---
  duration_ms: 0.555025
  type: 'test'
  ...
# Subtest: retired unsafe retry remains in historical finding census only while source proves no dispatch
ok 135 - retired unsafe retry remains in historical finding census only while source proves no dispatch
  ---
  duration_ms: 2.287772
  type: 'test'
  ...
# Subtest: live source finding census keeps unresolved owner gaps and retired routes explicit
ok 136 - live source finding census keeps unresolved owner gaps and retired routes explicit
  ---
  duration_ms: 206.971329
  type: 'test'
  ...
# Subtest: dependency inventory preserves current source denominators and lock membership
ok 137 - dependency inventory preserves current source denominators and lock membership
  ---
  duration_ms: 1395.898722
  type: 'test'
  ...
# Subtest: source pins cover the exact manifests, locks, policy authorities, and asset inputs
ok 138 - source pins cover the exact manifests, locks, policy authorities, and asset inputs
  ---
  duration_ms: 1123.492896
  type: 'test'
  ...
# Subtest: the inventory keeps legal, transitive, codec, model, and font states unresolved
ok 139 - the inventory keeps legal, transitive, codec, model, and font states unresolved
  ---
  duration_ms: 915.943426
  type: 'test'
  ...
# Subtest: denominator shrink is a hard regression
ok 140 - denominator shrink is a hard regression
  ---
  duration_ms: 768.862788
  type: 'test'
  ...
# Subtest: technical descriptors require all slots while unknown metadata cannot satisfy a profile
ok 141 - technical descriptors require all slots while unknown metadata cannot satisfy a profile
  ---
  duration_ms: 351.923165
  type: 'test'
  ...
# Subtest: audio metadata separates sample truth, encoder delay and output-specific profiles
ok 142 - audio metadata separates sample truth, encoder delay and output-specific profiles
  ---
  duration_ms: 204.713125
  type: 'test'
  ...
# Subtest: VFR mapping preserves exact presentation/decode times and never guesses duration from rate
ok 143 - VFR mapping preserves exact presentation/decode times and never guesses duration from rate
  ---
  duration_ms: 1.565012
  type: 'test'
  ...
# Subtest: display aspect includes pixel aspect and rejects unsupported preservation or unknown permission
ok 144 - display aspect includes pixel aspect and rejects unsupported preservation or unknown permission
  ---
  duration_ms: 0.785595
  type: 'test'
  ...
# Subtest: simulation and replay contracts cannot equate scene appearance with physics or scientific qualification
ok 145 - simulation and replay contracts cannot equate scene appearance with physics or scientific qualification
  ---
  duration_ms: 918.916603
  type: 'test'
  ...
# Subtest: clean semantic CSS does not close external, independent, or incomplete source gates
ok 146 - clean semantic CSS does not close external, independent, or incomplete source gates
  ---
  duration_ms: 134.470337
  type: 'test'
  ...
# Subtest: literal colors are reported and fail closed
ok 147 - literal colors are reported and fail closed
  ---
  duration_ms: 10.898197
  type: 'test'
  ...
# Subtest: literal colors in custom properties are reported and remain unexplained without the explicit exception
ok 148 - literal colors in custom properties are reported and remain unexplained without the explicit exception
  ---
  duration_ms: 9.69933
  type: 'test'
  ...
# Subtest: unknown token provenance fails
ok 149 - unknown token provenance fails
  ---
  duration_ms: 8.379108
  type: 'test'
  ...
# Subtest: unregistered local component implementation fails
ok 150 - unregistered local component implementation fails
  ---
  duration_ms: 14.383253
  type: 'test'
  ...
# Subtest: missing template and layout bindings fail
ok 151 - missing template and layout bindings fail
  ---
  duration_ms: 6.792835
  type: 'test'
  ...
# Subtest: unknown semantic state styling and one-off interaction fail
ok 152 - unknown semantic state styling and one-off interaction fail
  ---
  duration_ms: 7.993988
  type: 'test'
  ...
# Subtest: Explorer CSS remains visible as fixture-only and does not become product authority
ok 153 - Explorer CSS remains visible as fixture-only and does not become product authority
  ---
  duration_ms: 9.521645
  type: 'test'
  ...
# Subtest: repository keeps owner-gated blockers separate from source findings
ok 154 - repository keeps owner-gated blockers separate from source findings
  ---
  duration_ms: 8550.496773
  type: 'test'
  ...
# Subtest: style authority must reference actual canonical Media alias and component sources
ok 155 - style authority must reference actual canonical Media alias and component sources
  ---
  duration_ms: 7.946527
  type: 'test'
  ...
# Subtest: a stale Shared package approval status fails against the canonical gate record
ok 156 - a stale Shared package approval status fails against the canonical gate record
  ---
  duration_ms: 12.968351
  type: 'test'
  ...
# Subtest: component binding source status must match its canonical source-incomplete gate
ok 157 - component binding source status must match its canonical source-incomplete gate
  ---
  duration_ms: 13.011991
  type: 'test'
  ...
# Subtest: Shared success cannot impersonate independent PDP-2 review
ok 158 - Shared success cannot impersonate independent PDP-2 review
  ---
  duration_ms: 7.041389
  type: 'test'
  ...
# Subtest: canonical governance rejects duplicate gate approvals and stale or unknown approval states
ok 159 - canonical governance rejects duplicate gate approvals and stale or unknown approval states
  ---
  duration_ms: 6.852402
  type: 'test'
  ...
# Subtest: a source and registry cannot jointly promote the external Shared gate to local VERIFIED
ok 160 - a source and registry cannot jointly promote the external Shared gate to local VERIFIED
  ---
  duration_ms: 20.436567
  type: 'test'
  ...
# Subtest: X-04 crosswalk is bounded by the observed worker v1 client and Media OCR boundary
ok 161 - X-04 crosswalk is bounded by the observed worker v1 client and Media OCR boundary
  ---
  duration_ms: 2.961479
  type: 'test'
  ...
# Subtest: PDP-1 canonical references resolve only to catalogued domain objects
ok 162 - PDP-1 canonical references resolve only to catalogued domain objects
  ---
  duration_ms: 5.269724
  type: 'test'
  ...
# Subtest: PDP-1 overview reports exact registry count and separates bounded definitions from observed materialization
ok 163 - PDP-1 overview reports exact registry count and separates bounded definitions from observed materialization
  ---
  duration_ms: 1.266006
  type: 'test'
  ...
# Subtest: PDP-1 object source references resolve to files and PDP-0 anchors resolve to named records
ok 164 - PDP-1 object source references resolve to files and PDP-0 anchors resolve to named records
  ---
  duration_ms: 3.11102
  type: 'test'
  ...
# Subtest: caption version has bounded immutable domain semantics while the simulation shape remains synthetic
ok 165 - caption version has bounded immutable domain semantics while the simulation shape remains synthetic
  ---
  duration_ms: 0.828787
  type: 'test'
  ...
# Subtest: artifact, job, and lease identities preserve the source-specific keys without promoting them
ok 166 - artifact, job, and lease identities preserve the source-specific keys without promoting them
  ---
  duration_ms: 0.89998
  type: 'test'
  ...
# Subtest: PDP-1 observes the current Media runtime job enum without accepting a canonical mapping
ok 167 - PDP-1 observes the current Media runtime job enum without accepting a canonical mapping
  ---
  duration_ms: 2.314545
  type: 'test'
  ...
# Subtest: event registry binds exact runtime and client source populations while preserving unproven guarantees
ok 168 - event registry binds exact runtime and client source populations while preserving unproven guarantees
  ---
  duration_ms: 21.994317
  type: 'test'
  ...
# Subtest: client event source refresh proves notification method bytes unchanged
ok 169 - client event source refresh proves notification method bytes unchanged
  ---
  duration_ms: 4.514499
  type: 'test'
  ...
# Subtest: event source parity rejects missing, stale, or duplicated runtime identities
ok 170 - event source parity rejects missing, stale, or duplicated runtime identities
  ---
  duration_ms: 10.802672
  type: 'test'
  ...
# Subtest: source crosswalk rejects missing, stale, or duplicate event and publisher identities
ok 171 - source crosswalk rejects missing, stale, or duplicate event and publisher identities
  ---
  duration_ms: 24.567449
  type: 'test'
  ...
# Subtest: event source parity rejects local/runtime population collapse and unsupported delivery promotion
ok 172 - event source parity rejects local/runtime population collapse and unsupported delivery promotion
  ---
  duration_ms: 24.368182
  type: 'test'
  ...
# Subtest: typed definition projection emits only exact unconditional effects, finality and manual recovery
ok 173 - typed definition projection emits only exact unconditional effects, finality and manual recovery
  ---
  duration_ms: 8.327183
  type: 'test'
  ...
# Subtest: conditional and unknown reversibility cannot be narrowed to public booleans
ok 174 - conditional and unknown reversibility cannot be narrowed to public booleans
  ---
  duration_ms: 8.669825
  type: 'test'
  ...
# Subtest: wrong owner, invented runtime admission, shape drift, duplicate IDs and boolean meaning fail closed
ok 175 - wrong owner, invented runtime admission, shape drift, duplicate IDs and boolean meaning fail closed
  ---
  duration_ms: 1.763338
  type: 'test'
  ...
# Subtest: manual recovery rejects automatic replay, source identity drift and forged admission
ok 176 - manual recovery rejects automatic replay, source identity drift and forged admission
  ---
  duration_ms: 1.022343
  type: 'test'
  ...
# Subtest: PDP-3 views project exact component and journey refs while state refs remain unbound
ok 177 - PDP-3 views project exact component and journey refs while state refs remain unbound
  ---
  duration_ms: 443.539689
  type: 'test'
  ...
# Subtest: PDP-3 public resolver rejects a view journey ref after its projected journey target is removed
ok 178 - PDP-3 public resolver rejects a view journey ref after its projected journey target is removed
  ---
  duration_ms: 21.488384
  type: 'test'
  ...
# Subtest: PDP-3 journeys project source-grounded actor, outcome, intent, view, and step identity with unresolved transition metadata
ok 179 - PDP-3 journeys project source-grounded actor, outcome, intent, view, and step identity with unresolved transition metadata
  ---
  duration_ms: 2965.999434
  type: 'test'
  ...
# Subtest: PDP-3 interactions inherit preconditions from their exact referenced action source
ok 180 - PDP-3 interactions inherit preconditions from their exact referenced action source
  ---
  duration_ms: 1.098623
  type: 'test'
  ...
# Subtest: PDP-3 report retains only genuinely unresolved specification mappings
ok 181 - PDP-3 report retains only genuinely unresolved specification mappings
  ---
  duration_ms: 11051.216713
  type: 'test'
  ...
# Subtest: PDP-3 finality candidates preserve exact approved membership and enum dispositions
ok 182 - PDP-3 finality candidates preserve exact approved membership and enum dispositions
  ---
  duration_ms: 12.767294
  type: 'test'
  ...
# Subtest: PDP-3 action/effect candidate projection preserves original census, reviewed records, and Shared exclusions
ok 183 - PDP-3 action/effect candidate projection preserves original census, reviewed records, and Shared exclusions
  ---
  duration_ms: 7.942257
  type: 'test'
  ...
# Subtest: PDP-3 scenarios and fixture descriptors require exact state, journey, and simulation-source links
ok 184 - PDP-3 scenarios and fixture descriptors require exact state, journey, and simulation-source links
  ---
  duration_ms: 2476.659137
  type: 'test'
  ...
# Subtest: PDP-3 recovery links reject stale and duplicate action or scenario references
ok 185 - PDP-3 recovery links reject stale and duplicate action or scenario references
  ---
  duration_ms: 11.52634
  type: 'test'
  ...
# Subtest: Specification search includes the canonical artifact ID used by trace metadata
ok 186 - Specification search includes the canonical artifact ID used by trace metadata
  ---
  duration_ms: 4.744505
  type: 'test'
  ...
# Subtest: initial Specification rendering exposes cross-phase search results and counts
ok 187 - initial Specification rendering exposes cross-phase search results and counts
  ---
  duration_ms: 0.404601
  type: 'test'
  ...
# Subtest: typing updates cross-phase Specification results, counts, and accessible navigation label
ok 188 - typing updates cross-phase Specification results, counts, and accessible navigation label
  ---
  duration_ms: 0.468478
  type: 'test'
  ...
# Subtest: relocating an artifact changes its location but not its canonical identity
ok 189 - relocating an artifact changes its location but not its canonical identity
  ---
  duration_ms: 8.156988
  type: 'test'
  ...
# Subtest: Explorer classification follows manifest authority metadata, not the phase
ok 190 - Explorer classification follows manifest authority metadata, not the phase
  ---
  duration_ms: 3.405779
  type: 'test'
  ...
# Subtest: missing manifest authority remains unresolved instead of being inferred
ok 191 - missing manifest authority remains unresolved instead of being inferred
  ---
  duration_ms: 0.50857
  type: 'test'
  ...
# Subtest: a relocated source retains its explicitly pinned identity
ok 192 - a relocated source retains its explicitly pinned identity
  ---
  duration_ms: 0.69482
  type: 'test'
  ...
# Subtest: identity coverage rejects missing records and duplicate paths or IDs
ok 193 - identity coverage rejects missing records and duplicate paths or IDs
  ---
  duration_ms: 1.128148
  type: 'test'
  ...
# Subtest: registry rejects authority classes outside its allowed vocabulary
ok 194 - registry rejects authority classes outside its allowed vocabulary
  ---
  duration_ms: 0.428771
  type: 'test'
  ...
# Subtest: registry YAML profile rejects duplicate keys and unknown fields
ok 195 - registry YAML profile rejects duplicate keys and unknown fields
  ---
  duration_ms: 9.332262
  type: 'test'
  ...
# Subtest: manifest projection identity cannot collide with a source artifact identity
ok 196 - manifest projection identity cannot collide with a source artifact identity
  ---
  duration_ms: 0.645914
  type: 'test'
  ...
# Subtest: source manifest indexes current PDP-3 candidate authorities and their screen-contract dependencies
ok 197 - source manifest indexes current PDP-3 candidate authorities and their screen-contract dependencies
  ---
  duration_ms: 448.335069
  type: 'test'
  ...
# Subtest: Explorer keeps the five task-first activities in primary navigation
ok 198 - Explorer keeps the five task-first activities in primary navigation
  ---
  duration_ms: 4.587168
  type: 'test'
  ...
# Subtest: secondary workspaces stay reachable and arrow navigation stays in the primary activities
ok 199 - secondary workspaces stay reachable and arrow navigation stays in the primary activities
  ---
  duration_ms: 0.77916
  type: 'test'
  ...
# Subtest: Verify has no durable task-local pass or blocked result claim
ok 200 - Verify has no durable task-local pass or blocked result claim
  ---
  duration_ms: 5.678034
  type: 'test'
  ...
# Subtest: HTTP and gRPC contractFile references resolve to exact indexed operation artifacts
ok 201 - HTTP and gRPC contractFile references resolve to exact indexed operation artifacts
  ---
  duration_ms: 4.098119
  type: 'test'
  ...
# Subtest: non-contract interface rows are explicitly registry-only and scalar projection is qualified
ok 202 - non-contract interface rows are explicitly registry-only and scalar projection is qualified
  ---
  duration_ms: 2.96926
  type: 'test'
  ...
# Subtest: external contract observation retains X-04/X-05/X-06 source limits
ok 203 - external contract observation retains X-04/X-05/X-06 source limits
  ---
  duration_ms: 3.233975
  type: 'test'
  ...
# Subtest: external contract source is unchanged from the pinned Git revision, regardless of unrelated sibling dirt
ok 204 - external contract source is unchanged from the pinned Git revision, regardless of unrelated sibling dirt
  ---
  duration_ms: 104.094148
  type: 'test'
  ...
# Sibling HEAD moved; reviewed public contract bytes still match the pinned revision.
# Subtest: external freshness audit covers the selected X-04/X-05/X-06 public source contract identities
ok 205 - external freshness audit covers the selected X-04/X-05/X-06 public source contract identities
  ---
  duration_ms: 0.593185
  type: 'test'
  ...
# Subtest: available sibling source still matches the recorded contract facts
ok 206 - available sibling source still matches the recorded contract facts
  ---
  duration_ms: 259.45167
  type: 'test'
  ...
# Subtest: X-06 records the exact Event Plane append route and preserves Media lifecycle limits
ok 207 - X-06 records the exact Event Plane append route and preserves Media lifecycle limits
  ---
  duration_ms: 342.580003
  type: 'test'
  ...
# Subtest: all PDP-3 gRPC records project exact protobuf identity, message refs, and stream shape
ok 208 - all PDP-3 gRPC records project exact protobuf identity, message refs, and stream shape
  ---
  duration_ms: 60.31752
  type: 'test'
  ...
# Subtest: gRPC registry projection rejects a request or stream-shape drift
ok 209 - gRPC registry projection rejects a request or stream-shape drift
  ---
  duration_ms: 8.010627
  type: 'test'
  ...
# Subtest: J-01 keeps its four ordered steps and five registered screens without expanding the denominator
ok 210 - J-01 keeps its four ordered steps and five registered screens without expanding the denominator
  ---
  duration_ms: 2758.94157
  type: 'test'
  ...
# Subtest: each ordered step binds only its exact project query or create operation and applies no state transition
ok 211 - each ordered step binds only its exact project query or create operation and applies no state transition
  ---
  duration_ms: 0.993465
  type: 'test'
  ...
# Subtest: screen links distinguish trusted identity, scoped project views, and optional post-journey continuation
ok 212 - screen links distinguish trusted identity, scoped project views, and optional post-journey continuation
  ---
  duration_ms: 116.112067
  type: 'test'
  ...
# Subtest: create finality is receipt-bound; project reads do not claim reversible remote effects
ok 213 - create finality is receipt-bound; project reads do not claim reversible remote effects
  ---
  duration_ms: 8.974725
  type: 'test'
  ...
# Subtest: PXD-055 cannot authorize unrelated actions or substitute another operation or source decision
ok 214 - PXD-055 cannot authorize unrelated actions or substitute another operation or source decision
  ---
  duration_ms: 2.354145
  type: 'test'
  ...
# Subtest: J-01 requires only project create, authorized collection observation, and exact project/head inspection slices
ok 215 - J-01 requires only project create, authorized collection observation, and exact project/head inspection slices
  ---
  duration_ms: 3.309147
  type: 'test'
  ...
# Subtest: project creation establishes an empty immutable initial revision atomically and binds replay to the full request
ok 216 - project creation establishes an empty immutable initial revision atomically and binds replay to the full request
  ---
  duration_ms: 187.189415
  type: 'test'
  ...
# Subtest: project collection and inspection are scoped observations, not global existence, rights, or byte-access claims
ok 217 - project collection and inspection are scoped observations, not global existence, rights, or byte-access claims
  ---
  duration_ms: 3.803518
  type: 'test'
  ...
# Subtest: J-01 initial state definition does not invent transitions or close broader project lifecycle semantics
ok 218 - J-01 initial state definition does not invent transitions or close broader project lifecycle semantics
  ---
  duration_ms: 187.461187
  type: 'test'
  ...
# Subtest: project action contracts distinguish collection reads from selected-project and creation-receipt inspection
ok 219 - project action contracts distinguish collection reads from selected-project and creation-receipt inspection
  ---
  duration_ms: 58249.958803
  type: 'test'
  ...
# Subtest: J-01 project setup grammar binds only the three exact canonical PDP-1 project operations
ok 220 - J-01 project setup grammar binds only the three exact canonical PDP-1 project operations
  ---
  duration_ms: 6.657559
  type: 'test'
  ...
# Subtest: J-01 records definition grammar separately from current channel and Shared authority availability
ok 221 - J-01 records definition grammar separately from current channel and Shared authority availability
  ---
  duration_ms: 155.3003
  type: 'test'
  ...
# Subtest: J-02 source-mapped definition slice binds only upload, same-upload resume, and exact artifact metadata inspection
ok 222 - J-02 source-mapped definition slice binds only upload, same-upload resume, and exact artifact metadata inspection
  ---
  duration_ms: 3.631908
  type: 'test'
  ...
# Subtest: remote import and verification-job observation do not inherit the accepted upload or artifact-inspect slice
ok 223 - remote import and verification-job observation do not inherit the accepted upload or artifact-inspect slice
  ---
  duration_ms: 0.558535
  type: 'test'
  ...
# Subtest: J-02 source definitions preserve the original population and bind only existing identities
ok 224 - J-02 source definitions preserve the original population and bind only existing identities
  ---
  duration_ms: 2929.603134
  type: 'test'
  ...
# Subtest: conditional upload effects and read observations are not coerced to public undo booleans
ok 225 - conditional upload effects and read observations are not coerced to public undo booleans
  ---
  duration_ms: 0.754548
  type: 'test'
  ...
# Subtest: attachment definition maps only its supported immutable project-reference effect
ok 226 - attachment definition maps only its supported immutable project-reference effect
  ---
  duration_ms: 17.082431
  type: 'test'
  ...
# Subtest: existing recovery records remain manual, source-defined, and non-admitted
ok 227 - existing recovery records remain manual, source-defined, and non-admitted
  ---
  duration_ms: 6.607516
  type: 'test'
  ...
# Subtest: admits truthful PENDING source inputs without claiming completion
ok 228 - admits truthful PENDING source inputs without claiming completion
  ---
  duration_ms: 10.120119
  type: 'test'
  ...
# Subtest: allows additional requirement-specific obligations without one-per-phase ceiling
ok 229 - allows additional requirement-specific obligations without one-per-phase ceiling
  ---
  duration_ms: 5.690846
  type: 'test'
  ...
# Subtest: requires every obligation to cite a source requirement and unique case memberships
ok 230 - requires every obligation to cite a source requirement and unique case memberships
  ---
  duration_ms: 7.274976
  type: 'test'
  ...
# Subtest: rejects INPUT_READY without producer and case/observer/oracle coverage
ok 231 - rejects INPUT_READY without producer and case/observer/oracle coverage
  ---
  duration_ms: 1.918118
  type: 'test'
  ...
# Subtest: allows only input readiness, never Media-authored closure
ok 232 - allows only input readiness, never Media-authored closure
  ---
  duration_ms: 3.969909
  type: 'test'
  ...
# Subtest: requires unique versioned public provider bindings and a provider registry for readiness
ok 233 - requires unique versioned public provider bindings and a provider registry for readiness
  ---
  duration_ms: 4.276724
  type: 'test'
  ...
# Subtest: rejects hidden missing obligations and inconsistent phase selectors
ok 234 - rejects hidden missing obligations and inconsistent phase selectors
  ---
  duration_ms: 9.006164
  type: 'test'
  ...
# Subtest: rejects artificial green status with unaddressed owner blockers
ok 235 - rejects artificial green status with unaddressed owner blockers
  ---
  duration_ms: 1.273663
  type: 'test'
  ...
# Subtest: L-02 source-link proposal preserves all obligations and validates exact existing test identities
ok 236 - L-02 source-link proposal preserves all obligations and validates exact existing test identities
  ---
  duration_ms: 125.059794
  type: 'test'
  ...
# Subtest: L-02 source links reject stale cases and unregistered or unrelated test identities
ok 237 - L-02 source links reject stale cases and unregistered or unrelated test identities
  ---
  duration_ms: 3.213991
  type: 'test'
  ...
# Subtest: parameterized definition cases reject swapped scope, parameters and invented admission
ok 238 - parameterized definition cases reject swapped scope, parameters and invented admission
  ---
  duration_ms: 6.069777
  type: 'test'
  ...
# Subtest: caption, transcript, draft, and submission source-definition links reject invented identity, promotion, admission and missing negatives
ok 239 - caption, transcript, draft, and submission source-definition links reject invented identity, promotion, admission and missing negatives
  ---
  duration_ms: 18.513668
  type: 'test'
  ...
# Subtest: records exact current source-obligation observer/oracle gap and source-resolvable candidates only
ok 240 - records exact current source-obligation observer/oracle gap and source-resolvable candidates only
  ---
  duration_ms: 101.877205
  type: 'test'
  ...
# Subtest: documents why current L-02 simulation links do not yet have L-03 observer/oracle routes
ok 241 - documents why current L-02 simulation links do not yet have L-03 observer/oracle routes
  ---
  duration_ms: 70.509048
  type: 'test'
  ...
# Subtest: caption draft source assertions cannot become native provider routes or admitted cases
ok 242 - caption draft source assertions cannot become native provider routes or admitted cases
  ---
  duration_ms: 25.385328
  type: 'test'
  ...
# Subtest: transcription submission source assertions cannot become provider routes or admitted cases
ok 243 - transcription submission source assertions cannot become provider routes or admitted cases
  ---
  duration_ms: 28.173501
  type: 'test'
  ...
# Subtest: rejects empty, missing, stale-source, or unreviewed candidate route records
ok 244 - rejects empty, missing, stale-source, or unreviewed candidate route records
  ---
  duration_ms: 100.364615
  type: 'test'
  ...
# Subtest: candidate records cannot promote Media Lifecycle inputs to ready or closure
ok 245 - candidate records cannot promote Media Lifecycle inputs to ready or closure
  ---
  duration_ms: 219.243295
  type: 'test'
  ...
# Subtest: generator refuses duplicate source identities without modifying closure inputs
ok 246 - generator refuses duplicate source identities without modifying closure inputs
  ---
  duration_ms: 421.040842
  type: 'test'
  ...
# Subtest: generator refuses omitted source collections before any output is written
ok 247 - generator refuses omitted source collections before any output is written
  ---
  duration_ms: 327.722356
  type: 'test'
  ...
# Subtest: check mode detects stale source fingerprints and output drift without writing
ok 248 - check mode detects stale source fingerprints and output drift without writing
  ---
  duration_ms: 913.193164
  type: 'test'
  ...
# Subtest: source-owned nested wire schemas have their own obligations and exact parent anchors
ok 249 - source-owned nested wire schemas have their own obligations and exact parent anchors
  ---
  duration_ms: 253.388889
  type: 'test'
  ...
# Subtest: nested step definitions remain distinct obligations without inventing cases or acceptance
ok 250 - nested step definitions remain distinct obligations without inventing cases or acceptance
  ---
  duration_ms: 667.12558
  type: 'test'
  ...
# Subtest: source applicability validates the exact Cartesian population without admitting measurement
ok 251 - source applicability validates the exact Cartesian population without admitting measurement
  ---
  duration_ms: 10.222609
  type: 'test'
  ...
# Subtest: actual PDP-0 owner applicability source closes all pairs and exact binding projections
ok 252 - actual PDP-0 owner applicability source closes all pairs and exact binding projections
  ---
  duration_ms: 10644.822059
  type: 'test'
  ...
# Subtest: same-count substitution, duplicates and stale binding projections are rejected
ok 253 - same-count substitution, duplicates and stale binding projections are rejected
  ---
  duration_ms: 2.193922
  type: 'test'
  ...
# Subtest: unknown applicability, missing evidence and invented measurements remain errors
ok 254 - unknown applicability, missing evidence and invented measurements remain errors
  ---
  duration_ms: 1.334837
  type: 'test'
  ...
# Subtest: explicit applicability decision keeps missing output identity in scope without qualified measurements
ok 255 - explicit applicability decision keeps missing output identity in scope without qualified measurements
  ---
  duration_ms: 3.718373
  type: 'test'
  ...
# Subtest: MPSEM-0560 retains a whole-item unresolved boundary while routing exact J-02 definitions
ok 256 - MPSEM-0560 retains a whole-item unresolved boundary while routing exact J-02 definitions
  ---
  duration_ms: 138315.734808
  type: 'test'
  ...
# Subtest: PXD-053 classifies only the complete adjacent table-header item outside the 349 denominator
ok 257 - PXD-053 classifies only the complete adjacent table-header item outside the 349 denominator
  ---
  duration_ms: 4807.158655
  type: 'test'
  ...
# Subtest: linked PDP source changes remain stale until their migration item claims are reconciled
ok 258 - linked PDP source changes remain stale until their migration item claims are reconciled
  ---
  duration_ms: 195.72526
  type: 'test'
  ...
# Subtest: the stale pin impact describes the exact newly added PDP claims
ok 259 - the stale pin impact describes the exact newly added PDP claims
  ---
  duration_ms: 9350.131445
  type: 'test'
  ...
# Subtest: new linked-PDP assertions are atomized, source-located, and routed without implying acceptance
ok 260 - new linked-PDP assertions are atomized, source-located, and routed without implying acceptance
  ---
  duration_ms: 125.798766
  type: 'test'
  ...
# Subtest: new master-plan taxonomy and PDP-1 crosswalk claims are exact, routed, and non-accepting
ok 261 - new master-plan taxonomy and PDP-1 crosswalk claims are exact, routed, and non-accepting
  ---
  duration_ms: 4198.508099
  type: 'test'
  ...
# Subtest: migration taxonomy arbitration keeps execution-only items and unresolved hunk deltas classified without acceptance
ok 262 - migration taxonomy arbitration keeps execution-only items and unresolved hunk deltas classified without acceptance
  ---
  duration_ms: 3140.617513
  type: 'test'
  ...
# Subtest: every master-plan diff hunk is claim-linked or retained as an exact unresolved fragment
ok 263 - every master-plan diff hunk is claim-linked or retained as an exact unresolved fragment
  ---
  duration_ms: 2957.774493
  type: 'test'
  ...
# Subtest: migration master-plan semantic ledger preserves the stale pin and accounts for source changes
ok 264 - migration master-plan semantic ledger preserves the stale pin and accounts for source changes
  ---
  duration_ms: 4133.810269
  type: 'test'
  ...
# Subtest: migration source diff hunks have exact, non-accepting coverage
ok 265 - migration source diff hunks have exact, non-accepting coverage
  ---
  duration_ms: 2716.45867
  type: 'test'
  ...
# Subtest: narrow metadata slices preserve the mixed header while bounded source classifications stay non-accepting
ok 266 - narrow metadata slices preserve the mixed header while bounded source classifications stay non-accepting
  ---
  duration_ms: 3723.152512
  type: 'test'
  ...
# Subtest: PXD-033 remains bounded to its original exact 86 item IDs
ok 267 - PXD-033 remains bounded to its original exact 86 item IDs
  ---
  duration_ms: 3440.156353
  type: 'test'
  ...
# Subtest: PXD-039 adds only three exact execution-only lead-ins and reconciles the 89/260 counts
ok 268 - PXD-039 adds only three exact execution-only lead-ins and reconciles the 89/260 counts
  ---
  duration_ms: 3182.523469
  type: 'test'
  ...
# Subtest: MPSEM-0002 slogan claims have bounded proposal mappings without resolving the parent block
ok 269 - MPSEM-0002 slogan claims have bounded proposal mappings without resolving the parent block
  ---
  duration_ms: 3397.815984
  type: 'test'
  ...
# Subtest: P0-003 animation scope is crosswalked as a bounded slice while adjacent claims stay unresolved
ok 270 - P0-003 animation scope is crosswalked as a bounded slice while adjacent claims stay unresolved
  ---
  duration_ms: 3371.746973
  type: 'test'
  ...
# Subtest: MSC-04 path claims reconcile only source-supported PDP and Explorer identities
ok 271 - MSC-04 path claims reconcile only source-supported PDP and Explorer identities
  ---
  duration_ms: 3743.558434
  type: 'test'
  ...
# Subtest: MSC-05 source-scope claims map explicit PDP-0 and Explorer records while leaving absent projections open
ok 272 - MSC-05 source-scope claims map explicit PDP-0 and Explorer records while leaving absent projections open
  ---
  duration_ms: 3300.626664
  type: 'test'
  ...
# Subtest: MSC-07 routes scene validation, budgets, boundary, and locale claims only to exact source records
ok 273 - MSC-07 routes scene validation, budgets, boundary, and locale claims only to exact source records
  ---
  duration_ms: 3519.467191
  type: 'test'
  ...
# Subtest: MSC-08 separates PDP-0 path identity from changed completion criteria
ok 274 - MSC-08 separates PDP-0 path identity from changed completion criteria
  ---
  duration_ms: 12578.278933
  type: 'test'
  ...
# Subtest: MSC-10 viewport fixture wording maps only to the proposed PDP-2 responsive record
ok 275 - MSC-10 viewport fixture wording maps only to the proposed PDP-2 responsive record
  ---
  duration_ms: 6798.515109
  type: 'test'
  ...
# Subtest: MSC-10 crosswalks the legacy design-artifact names to current PDP-2 paths only
ok 276 - MSC-10 crosswalks the legacy design-artifact names to current PDP-2 paths only
  ---
  duration_ms: 4062.68777
  type: 'test'
  ...
# Subtest: MSC-11 maps only the P1-001 workstream label to the registered PDP-2 authority
ok 277 - MSC-11 maps only the P1-001 workstream label to the registered PDP-2 authority
  ---
  duration_ms: 3157.003624
  type: 'test'
  ...
# Subtest: MSC-12 crosswalks only the GOV-002 reuse-register path and stable artifact identity
ok 278 - MSC-12 crosswalks only the GOV-002 reuse-register path and stable artifact identity
  ---
  duration_ms: 4287.626103
  type: 'test'
  ...
# Subtest: MSC-14 pins the legacy Phase 0 crosswalk to the registered PDP-0 authority root
ok 279 - MSC-14 pins the legacy Phase 0 crosswalk to the registered PDP-0 authority root
  ---
  duration_ms: 3531.418413
  type: 'test'
  ...
# Subtest: MSC-15 crosswalks the four-authority taxonomy while preserving the broader assessment gap
ok 280 - MSC-15 crosswalks the four-authority taxonomy while preserving the broader assessment gap
  ---
  duration_ms: 3182.317417
  type: 'test'
  ...
# Subtest: MSC-13 maps only the retained P2 task group to the registered PDP-3 authority
ok 281 - MSC-13 maps only the retained P2 task group to the registered PDP-3 authority
  ---
  duration_ms: 3106.511949
  type: 'test'
  ...
# Subtest: P0-003 future relabeling cannot remove a capability from the preserved scope
ok 282 - P0-003 future relabeling cannot remove a capability from the preserved scope
  ---
  duration_ms: 3808.295307
  type: 'test'
  ...
# Subtest: MSC-07 erasure routing is crosswalked while proposed state and effect semantics remain unresolved
ok 283 - MSC-07 erasure routing is crosswalked while proposed state and effect semantics remain unresolved
  ---
  duration_ms: 3436.554752
  type: 'test'
  ...
# Subtest: MSC-02 bounds the changed DEFINE_PRODUCT scope without resolving its mixed block
ok 284 - MSC-02 bounds the changed DEFINE_PRODUCT scope without resolving its mixed block
  ---
  duration_ms: 3930.988531
  type: 'test'
  ...
# Subtest: MSC-03 authority rows are source-pinned to PDP candidates without accepting parent items
ok 285 - MSC-03 authority rows are source-pinned to PDP candidates without accepting parent items
  ---
  duration_ms: 3948.735424
  type: 'test'
  ...
# Subtest: MSC-01 and MSC-09 owner-routing claims are reconciled at bounded source spans
ok 286 - MSC-01 and MSC-09 owner-routing claims are reconciled at bounded source spans
  ---
  duration_ms: 2530.039238
  type: 'test'
  ...
# Subtest: MSC-03 canonical domain ownership slice is supported without phase acceptance
ok 287 - MSC-03 canonical domain ownership slice is supported without phase acceptance
  ---
  duration_ms: 3028.590202
  type: 'test'
  ...
# Subtest: MSC-03 four-phase taxonomy diff has bounded owner-routing reconciliation only
ok 288 - MSC-03 four-phase taxonomy diff has bounded owner-routing reconciliation only
  ---
  duration_ms: 3978.890755
  type: 'test'
  ...
# Subtest: MSC-10 PDP-3 upstream input routing is decomposed without accepting the inputs
ok 289 - MSC-10 PDP-3 upstream input routing is decomposed without accepting the inputs
  ---
  duration_ms: 3882.857891
  type: 'test'
  ...
# Subtest: MSC-15 routes semantic edits to the owning authority without resolving the historical parent block
ok 290 - MSC-15 routes semantic edits to the owning authority without resolving the historical parent block
  ---
  duration_ms: 3701.470211
  type: 'test'
  ...
# Subtest: audits the exact current source denominator, four phase counts, memberships, and resolvable source records
ok 291 - audits the exact current source denominator, four phase counts, memberships, and resolvable source records
  ---
  duration_ms: 45193.490129
  type: 'test'
  ...
# Subtest: refreshes the nine operation-source fingerprints only after their semantic impact is reconciled
ok 292 - refreshes the nine operation-source fingerprints only after their semantic impact is reconciled
  ---
  duration_ms: 31970.87064
  type: 'test'
  ...
# Subtest: thirteen individual source slices add obligations but no case, observer, oracle, or admission claims
ok 293 - thirteen individual source slices add obligations but no case, observer, oracle, or admission claims
  ---
  duration_ms: 20670.336994
  type: 'test'
  ...
# Subtest: PDP-2 obligation fingerprints change only after exact source-record impact is recorded
ok 294 - PDP-2 obligation fingerprints change only after exact source-record impact is recorded
  ---
  duration_ms: 716.521001
  type: 'test'
  ...
# Subtest: PXD-032 adds only the required source-proposal obligation for the progress-indicator contract
ok 295 - PXD-032 adds only the required source-proposal obligation for the progress-indicator contract
  ---
  duration_ms: 342.415268
  type: 'test'
  ...
# Subtest: flags duplicate IDs, phase contradictions, and duplicate or missing selected membership
ok 296 - flags duplicate IDs, phase contradictions, and duplicate or missing selected membership
  ---
  duration_ms: 1642.420501
  type: 'test'
  ...
# Subtest: flags unresolved source references and stale expected fingerprints
ok 297 - flags unresolved source references and stale expected fingerprints
  ---
  duration_ms: 2247.347859
  type: 'test'
  ...
# Subtest: flags a missing persisted source digest
ok 298 - flags a missing persisted source digest
  ---
  duration_ms: 2467.105426
  type: 'test'
  ...
# Subtest: same-process source audits cannot reuse a removed or changed normative record
ok 299 - same-process source audits cannot reuse a removed or changed normative record
  ---
  duration_ms: 31.436429
  type: 'test'
  ...
# Subtest: P0-02 keeps the unbounded leaf denominator and profile availability evidence explicit
ok 300 - P0-02 keeps the unbounded leaf denominator and profile availability evidence explicit
  ---
  duration_ms: 4.652366
  type: 'test'
  ...
# Subtest: P0-02 profile labels and proposed performance budgets do not become product guarantees
ok 301 - P0-02 profile labels and proposed performance budgets do not become product guarantees
  ---
  duration_ms: 1.930281
  type: 'test'
  ...
# Subtest: P0-02 does not promote family-level operation groups into leaf-specific parameter contracts
ok 302 - P0-02 does not promote family-level operation groups into leaf-specific parameter contracts
  ---
  duration_ms: 0.852436
  type: 'test'
  ...
# Subtest: HTTP and gRPC proposal/unresolved crosswalks partition exact current source identities
ok 303 - HTTP and gRPC proposal/unresolved crosswalks partition exact current source identities
  ---
  duration_ms: 17.018361
  type: 'test'
  ...
# Subtest: HTTP and gRPC source partitions reject stale, missing, and duplicate crosswalk identities
ok 304 - HTTP and gRPC source partitions reject stale, missing, and duplicate crosswalk identities
  ---
  duration_ms: 19.950921
  type: 'test'
  ...
# Subtest: CLI crosswalk is exact and SDK registry reports exact source-pair discrepancies
ok 305 - CLI crosswalk is exact and SDK registry reports exact source-pair discrepancies
  ---
  duration_ms: 15.644824
  type: 'test'
  ...
# Subtest: PXD-026 has normalized, bounded owner-policy dispositions with exact source and scope
ok 306 - PXD-026 has normalized, bounded owner-policy dispositions with exact source and scope
  ---
  duration_ms: 74.024327
  type: 'test'
  ...
# Subtest: PXD-027 is a separate bounded owner-policy decision, not phase acceptance
ok 307 - PXD-027 is a separate bounded owner-policy decision, not phase acceptance
  ---
  duration_ms: 5.721593
  type: 'test'
  ...
# Subtest: bounded PXD-026 policy approval does not alter independent PDP phase acceptance inputs
ok 308 - bounded PXD-026 policy approval does not alter independent PDP phase acceptance inputs
  ---
  duration_ms: 0.40589
  type: 'test'
  ...
# Subtest: PXD-030 records only representative initiating actors and preserves independent P0-010 review
ok 309 - PXD-030 records only representative initiating actors and preserves independent P0-010 review
  ---
  duration_ms: 136.037501
  type: 'test'
  ...
# Subtest: PDP-0 explicitly classifies non-goals and business intents from owner source
ok 310 - PDP-0 explicitly classifies non-goals and business intents from owner source
  ---
  duration_ms: 3580.476058
  type: 'test'
  ...
# Subtest: density and presentation profiles match Tools enum and explicit references
ok 311 - density and presentation profiles match Tools enum and explicit references
  ---
  duration_ms: 11.03202
  type: 'test'
  ...
# Subtest: WCAG 2.2 AA is a normative target, not fabricated accessible-technology evidence
ok 312 - WCAG 2.2 AA is a normative target, not fabricated accessible-technology evidence
  ---
  duration_ms: 8.336161
  type: 'test'
  ...
# Subtest: automatic recovery is limited to safe observation, not resubmission
ok 313 - automatic recovery is limited to safe observation, not resubmission
  ---
  duration_ms: 99.854326
  type: 'test'
  ...
# Subtest: every selected GUI template has an exact owned composition recipe and registered pattern
ok 314 - every selected GUI template has an exact owned composition recipe and registered pattern
  ---
  duration_ms: 48.03423
  type: 'test'
  ...
# Subtest: all four Agent Tool semantic selections resolve existing observed IDs and PDP-1 families without execution admission
ok 315 - all four Agent Tool semantic selections resolve existing observed IDs and PDP-1 families without execution admission
  ---
  duration_ms: 18234.018057
  type: 'test'
  ...
# Subtest: PDP-3 search and inspection contracts are source-owned, typed and fail closed
ok 316 - PDP-3 search and inspection contracts are source-owned, typed and fail closed
  ---
  duration_ms: 102.193645
  type: 'test'
  ...
# Subtest: P0-04 records delegated representative initiators without reducing requirement actors
ok 317 - P0-04 records delegated representative initiators without reducing requirement actors
  ---
  duration_ms: 5316.759014
  type: 'test'
  ...
# Subtest: P0-04 records delegated journey initiators without changing collaborators or operation bindings
ok 318 - P0-04 records delegated journey initiators without changing collaborators or operation bindings
  ---
  duration_ms: 309.37902
  type: 'test'
  ...
# Subtest: the complete product feature review matrix resolves to canonical sources and the cross-phase denominator
ok 319 - the complete product feature review matrix resolves to canonical sources and the cross-phase denominator
  ---
  duration_ms: 8831.217523
  type: 'test'
  ...
# Subtest: every feature leaf has an exact proposal-time channel disposition, with unsupported admission left explicit
ok 320 - every feature leaf has an exact proposal-time channel disposition, with unsupported admission left explicit
  ---
  duration_ms: 17139.79993
  type: 'test'
  ...
# Subtest: fixed 38-task scope rejects extras, duplicates and missing tasks
ok 321 - fixed 38-task scope rejects extras, duplicates and missing tasks
  ---
  duration_ms: 2.37572
  type: 'test'
  ...
# Subtest: P0-04 source completion never implies dependency completion or original ledger completion
ok 322 - P0-04 source completion never implies dependency completion or original ledger completion
  ---
  duration_ms: 1.508345
  type: 'test'
  ...
# Subtest: historical complete or failed verification cannot manufacture a current source pass
ok 323 - historical complete or failed verification cannot manufacture a current source pass
  ---
  duration_ms: 0.887349
  type: 'test'
  ...
# Subtest: a successful test on a changing source cut cannot establish current completion
ok 324 - a successful test on a changing source cut cannot establish current completion
  ---
  duration_ms: 5.188469
  type: 'test'
  ...
# Subtest: live counters preserve receipt uncertainty and dynamic source denominator
ok 325 - live counters preserve receipt uncertainty and dynamic source denominator
  ---
  duration_ms: 0.676658
  type: 'test'
  ...
# Subtest: new source obligations remain distinct from the persisted evidence population
ok 326 - new source obligations remain distinct from the persisted evidence population
  ---
  duration_ms: 0.486561
  type: 'test'
  ...
# Subtest: passing a bounded implementation suite never establishes a whole task or specialist acceptance
ok 327 - passing a bounded implementation suite never establishes a whole task or specialist acceptance
  ---
  duration_ms: 0.66255
  type: 'test'
  ...
# Subtest: a reviewed current direct definition criterion remains separate from original task and external acceptance
ok 328 - a reviewed current direct definition criterion remains separate from original task and external acceptance
  ---
  duration_ms: 1.250453
  type: 'test'
  ...
# Subtest: missing admissions pass with zero exact identities proven
ok 329 - missing admissions pass with zero exact identities proven
  ---
  duration_ms: 19.258526
  type: 'test'
  ...
# Subtest: the review host imports the exact candidate product-renderer export intended for production
ok 330 - the review host imports the exact candidate product-renderer export intended for production
  ---
  duration_ms: 9.158457
  type: 'test'
  ...
# Subtest: public Explorer render binding carries typed ports and the Tools Product viewport consumes it
ok 331 - public Explorer render binding carries typed ports and the Tools Product viewport consumes it
  ---
  duration_ms: 4.530127
  type: 'test'
  ...
# Subtest: admitted Web record passes only with identical public export and resolvable PDP-2 provenance
ok 332 - admitted Web record passes only with identical public export and resolvable PDP-2 provenance
  ---
  duration_ms: 5.710023
  type: 'test'
  ...
# Subtest: rejects missing host identity and unresolved design provenance
ok 333 - rejects missing host identity and unresolved design provenance
  ---
  duration_ms: 8.02472
  type: 'test'
  ...
# Subtest: rejects an admitted symbol absent from the representation export map
ok 334 - rejects an admitted symbol absent from the representation export map
  ---
  duration_ms: 16.589592
  type: 'test'
  ...
# Subtest: rejects presentation-to-review dependencies and production scenario fixtures
ok 335 - rejects presentation-to-review dependencies and production scenario fixtures
  ---
  duration_ms: 15.562221
  type: 'test'
  ...
# Subtest: rejects deep source imports and package subpaths absent from exports
ok 336 - rejects deep source imports and package subpaths absent from exports
  ---
  duration_ms: 7.743405
  type: 'test'
  ...
# Subtest: validates declared screen-to-token design links and reports broken candidate links
ok 337 - validates declared screen-to-token design links and reports broken candidate links
  ---
  duration_ms: 5.400985
  type: 'test'
  ...
# Subtest: counts a resolved admitted screen design chain
ok 338 - counts a resolved admitted screen design chain
  ---
  duration_ms: 12.548102
  type: 'test'
  ...
# Subtest: an unresolved admitted screen design link is a hard failure
ok 339 - an unresolved admitted screen design link is a hard failure
  ---
  duration_ms: 6.650324
  type: 'test'
  ...
# Subtest: unresolved candidate screen design links remain nonfatal
ok 340 - unresolved candidate screen design links remain nonfatal
  ---
  duration_ms: 16.355008
  type: 'test'
  ...
# Subtest: a missing pattern nested under an admitted screen template is a hard failure
ok 341 - a missing pattern nested under an admitted screen template is a hard failure
  ---
  duration_ms: 6.043321
  type: 'test'
  ...
# Subtest: a missing pattern nested under a candidate screen template stays nonfatal
ok 342 - a missing pattern nested under a candidate screen template stays nonfatal
  ---
  duration_ms: 6.530973
  type: 'test'
  ...
# Subtest: a template pattern with an unresolved component source fails only when admitted
ok 343 - a template pattern with an unresolved component source fails only when admitted
  ---
  duration_ms: 7.622401
  type: 'test'
  ...
# Subtest: privacy ledger binds only source-observed tenant, consent, revision, retention, and retry behavior
ok 344 - privacy ledger binds only source-observed tenant, consent, revision, retention, and retry behavior
  ---
  duration_ms: 7.181341
  type: 'test'
  ...
# Subtest: privacy regression rejects tenant-scope, revocation, and stale-revision source drift
ok 345 - privacy regression rejects tenant-scope, revocation, and stale-revision source drift
  ---
  duration_ms: 2.669267
  type: 'test'
  ...
# Subtest: privacy regression rejects request deduplication scope drift
ok 346 - privacy regression rejects request deduplication scope drift
  ---
  duration_ms: 11.490405
  type: 'test'
  ...
# Subtest: privacy regression rejects unsupported hold, erasure, and uncertain-replay claims
ok 347 - privacy regression rejects unsupported hold, erasure, and uncertain-replay claims
  ---
  duration_ms: 3.790622
  type: 'test'
  ...
# Subtest: residual report validates exact projection dispositions and pinned sources
ok 348 - residual report validates exact projection dispositions and pinned sources
  ---
  duration_ms: 11457.066723
  type: 'test'
  ...
# Subtest: residual report output is deterministic and clearly diagnostic
ok 349 - residual report output is deterministic and clearly diagnostic
  ---
  duration_ms: 22380.29349
  type: 'test'
  ...
# Subtest: SDK residual partition includes bounded operations and rejects missing, duplicate, or invented members
ok 350 - SDK residual partition includes bounded operations and rejects missing, duplicate, or invented members
  ---
  duration_ms: 0.886963
  type: 'test'
  ...
# Subtest: projection field audit catches missing schema fields and unreported empty collections
ok 351 - projection field audit catches missing schema fields and unreported empty collections
  ---
  duration_ms: 56.748153
  type: 'test'
  ...
# Subtest: projection source validation rejects unregistered and stale local sources
ok 352 - projection source validation rejects unregistered and stale local sources
  ---
  duration_ms: 60.608669
  type: 'test'
  ...
# Subtest: Media-owned PDP-0 rules project only PXD-035 decisions and retain proposal-only mappings pending
ok 353 - Media-owned PDP-0 rules project only PXD-035 decisions and retain proposal-only mappings pending
  ---
  duration_ms: 1158.394714
  type: 'test'
  ...
# Subtest: trust and ownership decisions classify by data/effect and never infer authority from principal kind
ok 354 - trust and ownership decisions classify by data/effect and never infer authority from principal kind
  ---
  duration_ms: 726.822866
  type: 'test'
  ...
# Subtest: PDP-0 projects only the exact resolved P0-04 user intent actor and priority decisions
ok 355 - PDP-0 projects only the exact resolved P0-04 user intent actor and priority decisions
  ---
  duration_ms: 4.161842
  type: 'test'
  ...
# Subtest: PDP-0 preserves exact collaborator actor lists and only resolved initiating actors
ok 356 - PDP-0 preserves exact collaborator actor lists and only resolved initiating actors
  ---
  duration_ms: 2.294498
  type: 'test'
  ...
# Subtest: PDP-0 requirement trace targets are limited to resolvable intents and unresolved targets stay in the review
ok 357 - PDP-0 requirement trace targets are limited to resolvable intents and unresolved targets stay in the review
  ---
  duration_ms: 0.92698
  type: 'test'
  ...
# Subtest: PDP-0 maps owner-resolved invariants, trust contexts, and accountability without merging authority types
ok 358 - PDP-0 maps owner-resolved invariants, trust contexts, and accountability without merging authority types
  ---
  duration_ms: 0.707036
  type: 'test'
  ...
# Subtest: internal validation profile is bounded and denies release activation
ok 359 - internal validation profile is bounded and denies release activation
  ---
  duration_ms: 1.841232
  type: 'test'
  ...
# Subtest: production admission criteria remain explicit and blocked
ok 360 - production admission criteria remain explicit and blocked
  ---
  duration_ms: 0.643038
  type: 'test'
  ...
# Subtest: ProcessingJob HTTP schema mirrors the serialized runtime record without claiming canonical equivalence
ok 361 - ProcessingJob HTTP schema mirrors the serialized runtime record without claiming canonical equivalence
  ---
  duration_ms: 4.354171
  type: 'test'
  ...
# Subtest: principal-scoped upload, artifact, and job routes declare the principal header
ok 362 - principal-scoped upload, artifact, and job routes declare the principal header
  ---
  duration_ms: 0.524872
  type: 'test'
  ...
# Subtest: upload creation binds required key to tenant, principal, and full payload fingerprint
ok 363 - upload creation binds required key to tenant, principal, and full payload fingerprint
  ---
  duration_ms: 0.318934
  type: 'test'
  ...
# Subtest: upload completion replay binds to the persisted request and original artifact
ok 364 - upload completion replay binds to the persisted request and original artifact
  ---
  duration_ms: 0.287675
  type: 'test'
  ...
# Subtest: UploadRequest mirrors the runtime body identity fields and requires its principal
ok 365 - UploadRequest mirrors the runtime body identity fields and requires its principal
  ---
  duration_ms: 0.629261
  type: 'test'
  ...
# Subtest: search and inspection records match the public ExperienceSpecification schema
ok 366 - search and inspection records match the public ExperienceSpecification schema
  ---
  duration_ms: 15.155068
  type: 'test'
  ...
# Subtest: PXD-027 selects Media search and inspection definitions without admitting runtime or phase acceptance
ok 367 - PXD-027 selects Media search and inspection definitions without admitting runtime or phase acceptance
  ---
  duration_ms: 14.557226
  type: 'test'
  ...
# Subtest: source bindings use exact PDP-1 types and leave unsupported operation semantics unresolved
ok 368 - source bindings use exact PDP-1 types and leave unsupported operation semantics unresolved
  ---
  duration_ms: 6.934919
  type: 'test'
  ...
# Subtest: negative checks reject invented domain and operation identities
ok 369 - negative checks reject invented domain and operation identities
  ---
  duration_ms: 0.564649
  type: 'test'
  ...
# Subtest: inspection identities carry explicit resolvable source authorities
ok 370 - inspection identities carry explicit resolvable source authorities
  ---
  duration_ms: 0.779949
  type: 'test'
  ...
# Subtest: artifact and job inspectors record observed read routes without semantic or freshness claims
ok 371 - artifact and job inspectors record observed read routes without semantic or freshness claims
  ---
  duration_ms: 24.8374
  type: 'test'
  ...
# Subtest: observed job-search protocol details do not claim unprovided query or continuation semantics
ok 372 - observed job-search protocol details do not claim unprovided query or continuation semantics
  ---
  duration_ms: 0.730286
  type: 'test'
  ...
# Subtest: job-list example stays within the observed HTTP transport contract
ok 373 - job-list example stays within the observed HTTP transport contract
  ---
  duration_ms: 0.666399
  type: 'test'
  ...
# Subtest: the source-observation artifact cross-references canonical identities without redefining them
ok 374 - the source-observation artifact cross-references canonical identities without redefining them
  ---
  duration_ms: 49.051869
  type: 'test'
  ...
# Subtest: generated external-owner observations pin the current sibling source HEADs and files
ok 375 - generated external-owner observations pin the current sibling source HEADs and files
  ---
  duration_ms: 766.980035
  type: 'test'
  ...
# Subtest: PDP-1 state inventory preserves the PDP-0 proposal without accepting its semantics
ok 376 - PDP-1 state inventory preserves the PDP-0 proposal without accepting its semantics
  ---
  duration_ms: 390.721305
  type: 'test'
  ...
# Subtest: PDP-1 transition extraction preserves every source edge and leaves guards and bindings unresolved
ok 377 - PDP-1 transition extraction preserves every source edge and leaves guards and bindings unresolved
  ---
  duration_ms: 271.468762
  type: 'test'
  ...
# Subtest: PDP-1 adapter observations point to live methods and remain unresolved projections
ok 378 - PDP-1 adapter observations point to live methods and remain unresolved projections
  ---
  duration_ms: 111.868754
  type: 'test'
  ...
# Subtest: PDP-1 records runtime stream-state and store-transition observations without promoting the proposal
ok 379 - PDP-1 records runtime stream-state and store-transition observations without promoting the proposal
  ---
  duration_ms: 195.892043
  type: 'test'
  ...
# Subtest: executable conversion limits bind to the exact owner profile, with no wire or scientific admission
ok 380 - executable conversion limits bind to the exact owner profile, with no wire or scientific admission
  ---
  duration_ms: 584.110036
  type: 'test'
  ...
# Subtest: rational media time converts exactly without long-duration floating point drift
ok 381 - rational media time converts exactly without long-duration floating point drift
  ---
  duration_ms: 1.594235
  type: 'test'
  ...
# Subtest: 29.97 rational frame boundaries preserve exact 30000/1001 cadence
ok 382 - 29.97 rational frame boundaries preserve exact 30000/1001 cadence
  ---
  duration_ms: 0.448137
  type: 'test'
  ...
# Subtest: 24000/1001 cadence is never silently reinterpreted as an equal 24 fps frame count
ok 383 - 24000/1001 cadence is never silently reinterpreted as an equal 24 fps frame count
  ---
  duration_ms: 1.057308
  type: 'test'
  ...
# Subtest: inexact conversion requires a selected rounding method and reports exact signed loss
ok 384 - inexact conversion requires a selected rounding method and reports exact signed loss
  ---
  duration_ms: 0.86377
  type: 'test'
  ...
# Subtest: unknown clocks, implicit legacy fps/seconds and integer overflow fail closed
ok 385 - unknown clocks, implicit legacy fps/seconds and integer overflow fail closed
  ---
  duration_ms: 0.919447
  type: 'test'
  ...
# Subtest: sample conversion distinguishes an end boundary from a valid sample and retains priming separation
ok 386 - sample conversion distinguishes an end boundary from a valid sample and retains priming separation
  ---
  duration_ms: 1.036665
  type: 'test'
  ...
# Subtest: pixel boundary conversions round trip exactly and reject stale, ambiguous or out-of-bounds geometry
ok 387 - pixel boundary conversions round trip exactly and reject stale, ambiguous or out-of-bounds geometry
  ---
  duration_ms: 1.518797
  type: 'test'
  ...
# Subtest: physical unit conversion preserves dimension and exact decimal ratios without scientific qualification
ok 388 - physical unit conversion preserves dimension and exact decimal ratios without scientific qualification
  ---
  duration_ms: 1.242243
  type: 'test'
  ...
# Subtest: pixel centers retain their exact half-pixel offset and cannot be silently exchanged with boundaries
ok 389 - pixel centers retain their exact half-pixel offset and cannot be silently exchanged with boundaries
  ---
  duration_ms: 1.922847
  type: 'test'
  ...
# Subtest: temporal and spatial inventory preserves exact source fields and separates incompatible dimensions
ok 390 - temporal and spatial inventory preserves exact source fields and separates incompatible dimensions
  ---
  duration_ms: 14.533931
  type: 'test'
  ...
# Subtest: temporal and spatial regression rejects unit inference, source drift, or canonical promotion
ok 391 - temporal and spatial regression rejects unit inference, source drift, or canonical promotion
  ---
  duration_ms: 16.469272
  type: 'test'
  ...
# Subtest: transcript inspection binds one existing capability without retiring other inspection definitions
ok 392 - transcript inspection binds one existing capability without retiring other inspection definitions
  ---
  duration_ms: 3.638075
  type: 'test'
  ...
# Subtest: transcript definition rejects unrelated identity, source pointer and promoted admission
ok 393 - transcript definition rejects unrelated identity, source pointer and promoted admission
  ---
  duration_ms: 4241.847155
  type: 'test'
  ...
# Subtest: untimed transcript inspection cannot qualify a caption parent or invent scientific evidence
ok 394 - untimed transcript inspection cannot qualify a caption parent or invent scientific evidence
  ---
  duration_ms: 2675.983701
  type: 'test'
  ...
# Subtest: J-03 binds the existing transcript review step without changing the journey or action population
ok 395 - J-03 binds the existing transcript review step without changing the journey or action population
  ---
  duration_ms: 2472.45834
  type: 'test'
  ...
# Subtest: transcript identity, read selector, source link, availability, and errors match PDP-1
ok 396 - transcript identity, read selector, source link, availability, and errors match PDP-1
  ---
  duration_ms: 0.790517
  type: 'test'
  ...
# Subtest: review screen binds only the exact query while local playback actions remain separate
ok 397 - review screen binds only the exact query while local playback actions remain separate
  ---
  duration_ms: 4.070851
  type: 'test'
  ...
# Subtest: read action stays UNKNOWN for reversibility and cannot project or forge an unapproved public boolean
ok 398 - read action stays UNKNOWN for reversibility and cannot project or forge an unapproved public boolean
  ---
  duration_ms: 24.626682
  type: 'test'
  ...
# Subtest: PXD-064 cannot be reused for a different action, operation, authority, decision, or admission
ok 399 - PXD-064 cannot be reused for a different action, operation, authority, decision, or admission
  ---
  duration_ms: 84.380683
  type: 'test'
  ...
# Subtest: transcript version object definition
ok 400 - transcript version object definition
  ---
  duration_ms: 3799.728114
  type: 'test'
  ...
# Subtest: transcript version read definition
ok 401 - transcript version read definition
  ---
  duration_ms: 4081.164692
  type: 'test'
  ...
# Subtest: J-03 transcript review grammar binds the exact existing source operation and unverified read semantics
ok 402 - J-03 transcript review grammar binds the exact existing source operation and unverified read semantics
  ---
  duration_ms: 23048.503301
  type: 'test'
  ...
# Subtest: transcript review grammar rejects aliases, approval, fabricated uncertainty, and runtime promotion
ok 403 - transcript review grammar rejects aliases, approval, fabricated uncertainty, and runtime promotion
  ---
  duration_ms: 22951.70042
  type: 'test'
  ...
# Subtest: transcript review makes no unsupported transport or fixture availability claim
ok 404 - transcript review makes no unsupported transport or fixture availability claim
  ---
  duration_ms: 55.096534
  type: 'test'
  ...
# Subtest: existing job and file-transcription leaves bind only request acceptance
ok 405 - existing job and file-transcription leaves bind only request acceptance
  ---
  duration_ms: 3.443389
  type: 'test'
  ...
# Subtest: submission slice rejects scientific quality, full leaf admission and streaming equivalence
ok 406 - submission slice rejects scientific quality, full leaf admission and streaming equivalence
  ---
  duration_ms: 3034.716367
  type: 'test'
  ...
# Subtest: submission slice rejects swapped operation, source pointer, action and step
ok 407 - submission slice rejects swapped operation, source pointer, action and step
  ---
  duration_ms: 2342.956872
  type: 'test'
  ...
# Subtest: file-audio transcription submission definition
ok 408 - file-audio transcription submission definition
  ---
  duration_ms: 13.984867
  type: 'test'
  ...
# Subtest: submission definition rejects replay, authority, and finality overclaims
ok 409 - submission definition rejects replay, authority, and finality overclaims
  ---
  duration_ms: 8724.056924
  type: 'test'
  ...
# Subtest: unknown dispatch and reconciliation stay nonterminal and non-replayable
ok 410 - unknown dispatch and reconciliation stay nonterminal and non-replayable
  ---
  duration_ms: 3996.564687
  type: 'test'
  ...
# Subtest: J03-2 binds only the existing audio transcription-submission identity
ok 411 - J03-2 binds only the existing audio transcription-submission identity
  ---
  duration_ms: 9.053623
  type: 'test'
  ...
# Subtest: request snapshot, scoped key, profile, language, receipt, and reconciliation match PDP1/PDP2
ok 412 - request snapshot, scoped key, profile, language, receipt, and reconciliation match PDP1/PDP2
  ---
  duration_ms: 1.004624
  type: 'test'
  ...
# Subtest: the screen consequence presents the receipt without promising state and leaves status/cancellation unresolved
ok 413 - the screen consequence presents the receipt without promising state and leaves status/cancellation unresolved
  ---
  duration_ms: 1.38162
  type: 'test'
  ...
# Subtest: negative mutations reject wrong IDs, broadened effects, status edges, and false admission
ok 414 - negative mutations reject wrong IDs, broadened effects, status edges, and false admission
  ---
  duration_ms: 6.09989
  type: 'test'
  ...
# Subtest: J03 submission definition changes no journey, step, action, or runtime-evidence population
ok 415 - J03 submission definition changes no journey, step, action, or runtime-evidence population
  ---
  duration_ms: 3875.86088
  type: 'test'
  ...
# Subtest: J03-2 submission grammar binds the existing operation and exact request, receipt, policy, and fingerprint semantics
ok 416 - J03-2 submission grammar binds the existing operation and exact request, receipt, policy, and fingerprint semantics
  ---
  duration_ms: 20989.514497
  type: 'test'
  ...
# Subtest: submission grammar rejects fingerprint, authority, and unknown-outcome scope broadening
ok 417 - submission grammar rejects fingerprint, authority, and unknown-outcome scope broadening
  ---
  duration_ms: 24000.477347
  type: 'test'
  ...
# Subtest: submission acknowledgement, job execution, and provider RPC interfaces remain separate
ok 418 - submission acknowledgement, job execution, and provider RPC interfaces remain separate
  ---
  duration_ms: 54.435751
  type: 'test'
  ...
# Subtest: every publicly exported TS type and schema has one explicit and source-grounded role
ok 419 - every publicly exported TS type and schema has one explicit and source-grounded role
  ---
  duration_ms: 14.710842
  type: 'test'
  ...
# Subtest: new exported type requires a new role binding
ok 420 - new exported type requires a new role binding
  ---
  duration_ms: 1.038636
  type: 'test'
  ...
# Subtest: typos in canonical operation and machine identities fail
ok 421 - typos in canonical operation and machine identities fail
  ---
  duration_ms: 11.70351
  type: 'test'
  ...
# Subtest: no undeclared or reused schema role can hide source inventory drift
ok 422 - no undeclared or reused schema role can hide source inventory drift
  ---
  duration_ms: 3.993168
  type: 'test'
  ...
# Subtest: specialized unadmitted model operations cannot masquerade as accepted canonical operations
ok 423 - specialized unadmitted model operations cannot masquerade as accepted canonical operations
  ---
  duration_ms: 5.41761
  type: 'test'
  ...
# Subtest: typed contract binding catalog exhaustively covers source roles without implying support
ok 424 - typed contract binding catalog exhaustively covers source roles without implying support
  ---
  duration_ms: 7.689651
  type: 'test'
  ...
# Subtest: catalog negative checks reject duplicate and stale schema identities
ok 425 - catalog negative checks reject duplicate and stale schema identities
  ---
  duration_ms: 15.329877
  type: 'test'
  ...
# Subtest: catalog negative checks reject unsupported PDP-1 references and missing new bindings
ok 426 - catalog negative checks reject unsupported PDP-1 references and missing new bindings
  ---
  duration_ms: 1.399721
  type: 'test'
  ...
# Subtest: catalog negative checks prevent admission of specialized unqualified operations
ok 427 - catalog negative checks prevent admission of specialized unqualified operations
  ---
  duration_ms: 4.622897
  type: 'test'
  ...
# Subtest: client contract imports resolve to the same catalog without upgrading legacy routes
ok 428 - client contract imports resolve to the same catalog without upgrading legacy routes
  ---
  duration_ms: 9.255266
  type: 'test'
  ...
# Subtest: PDP-2 reuse audit counts match the executable UI inventory
ok 429 - PDP-2 reuse audit counts match the executable UI inventory
  ---
  duration_ms: 364.33667
  type: 'test'
  ...
# Subtest: PDP-2 reuse audit records exact cross-product reuse and semantic exclusions
ok 430 - PDP-2 reuse audit records exact cross-product reuse and semantic exclusions
  ---
  duration_ms: 271.452101
  type: 'test'
  ...
# Subtest: PDP-2 family crosswalk binds only source-exact public component exports and consumers
ok 431 - PDP-2 family crosswalk binds only source-exact public component exports and consumers
  ---
  duration_ms: 858.487683
  type: 'test'
  ...
# Subtest: PDP-2 reuse audit covers the broader Ghatana workspace and dependency boundaries
ok 432 - PDP-2 reuse audit covers the broader Ghatana workspace and dependency boundaries
  ---
  duration_ms: 99.702349
  type: 'test'
  ...
# Subtest: HTTP upload/artifact contracts map each existing route to its exact bounded PDP-1 slice
ok 433 - HTTP upload/artifact contracts map each existing route to its exact bounded PDP-1 slice
  ---
  duration_ms: 21993.471077
  type: 'test'
  ...
# Subtest: SDK methods preserve the guarded workflow without inventing a resume method or versioned wire alias
ok 434 - SDK methods preserve the guarded workflow without inventing a resume method or versioned wire alias
  ---
  duration_ms: 134.425739
  type: 'test'
  ...
# Subtest: CLI and Agent Tool populations are not inflated to imply unsupported upload interfaces
ok 435 - CLI and Agent Tool populations are not inflated to imply unsupported upload interfaces
  ---
  duration_ms: 94.495986
  type: 'test'
  ...
# Subtest: source parity separately records bounded command bindings and keeps global parity unaccepted
ok 436 - source parity separately records bounded command bindings and keeps global parity unaccepted
  ---
  duration_ms: 1306.711133
  type: 'test'
  ...
# Subtest: three existing upload operations bind source identities to bounded version-1 owner definitions
ok 437 - three existing upload operations bind source identities to bounded version-1 owner definitions
  ---
  duration_ms: 22.177653
  type: 'test'
  ...
# Subtest: upload operation contracts reject false replay, finality, authority, and acceptance claims
ok 438 - upload operation contracts reject false replay, finality, authority, and acceptance claims
  ---
  duration_ms: 72.511057
  type: 'test'
  ...
# Subtest: source identity drift or invented completion key is not silently accepted as parity
ok 439 - source identity drift or invented completion key is not silently accepted as parity
  ---
  duration_ms: 19.713139
  type: 'test'
  ...
# Subtest: upload state, action and object bindings reject availability, rights and action-equivalence expansion
ok 440 - upload state, action and object bindings reject availability, rights and action-equivalence expansion
  ---
  duration_ms: 136.955398
  type: 'test'
  ...
# Subtest: P0-06 projects accepted measurement definitions while keeping actual profile measurement and qualification unevaluated
ok 441 - P0-06 projects accepted measurement definitions while keeping actual profile measurement and qualification unevaluated
  ---
  duration_ms: 5322.179404
  type: 'test'
  ...
# Subtest: P0-06 defines exact outcome/capability crosswalks and deterministic profile-scoped numerators and denominators
ok 442 - P0-06 defines exact outcome/capability crosswalks and deterministic profile-scoped numerators and denominators
  ---
  duration_ms: 12198.346816
  type: 'test'
  ...
# Subtest: P0-06 retains source-defined measurement applicability without turning it into a pass or target
ok 443 - P0-06 retains source-defined measurement applicability without turning it into a pass or target
  ---
  duration_ms: 78.47628
  type: 'test'
  ...
# Subtest: P0-06 profiles and proposed budgets do not claim capability availability or qualified success targets
ok 444 - P0-06 profiles and proposed budgets do not claim capability availability or qualified success targets
  ---
  duration_ms: 32.679146
  type: 'test'
  ...
# Subtest: P0-06 keeps privacy and locality applicability as independent policy decisions
ok 445 - P0-06 keeps privacy and locality applicability as independent policy decisions
  ---
  duration_ms: 38.922969
  type: 'test'
  ...
# Subtest: P0-06 omits authored ProductDefinition timestamps when Media has no timestamp provenance
ok 446 - P0-06 omits authored ProductDefinition timestamps when Media has no timestamp provenance
  ---
  duration_ms: 6.186826
  type: 'test'
  ...
# Subtest: measurement projection rejects stale identity, guessed scope, empty grammar and forged qualified values
ok 447 - measurement projection rejects stale identity, guessed scope, empty grammar and forged qualified values
  ---
  duration_ms: 11927.260493
  type: 'test'
  ...
# Subtest: PDP-0 ProductDefinition candidate is schema and public-validator conformant while retaining open mapping decisions
ok 448 - PDP-0 ProductDefinition candidate is schema and public-validator conformant while retaining open mapping decisions
  ---
  duration_ms: 5833.200653
  type: 'test'
  ...
# Subtest: ProductDefinition mapping coverage is explicit, source-pinned, and rejects invalid semantic fixtures
ok 449 - ProductDefinition mapping coverage is explicit, source-pinned, and rejects invalid semantic fixtures
  ---
  duration_ms: 889.507032
  type: 'test'
  ...
# Subtest: all 462 capability leaves have operation-specific inputs, outcomes, preconditions, constraints, and acceptance cases
ok 450 - all 462 capability leaves have operation-specific inputs, outcomes, preconditions, constraints, and acceptance cases
  ---
  duration_ms: 22788.405361
  type: 'test'
  ...
# Subtest: PDP-0 quality and NFR records retain measurement limits and unresolved specialist decisions
ok 451 - PDP-0 quality and NFR records retain measurement limits and unresolved specialist decisions
  ---
  duration_ms: 5026.857353
  type: 'test'
  ...
# Subtest: P0-05 projects only bounded PDP-1 owner-decided rules with trust and fail-closed semantics
ok 452 - P0-05 projects only bounded PDP-1 owner-decided rules with trust and fail-closed semantics
  ---
  duration_ms: 115.603018
  type: 'test'
  ...
# Subtest: P0-04 owner intent decisions are auditable and preserve collaborative actor references
ok 453 - P0-04 owner intent decisions are auditable and preserve collaborative actor references
  ---
  duration_ms: 5279.248391
  type: 'test'
  ...
# Subtest: P0-04 journey actors and requirement intent targets remain source-bound
ok 454 - P0-04 journey actors and requirement intent targets remain source-bound
  ---
  duration_ms: 8716.842815
  type: 'test'
  ...
# Subtest: migration extraction keeps the mixed blocks and unresolved owner review visible
ok 455 - migration extraction keeps the mixed blocks and unresolved owner review visible
  ---
  duration_ms: 5138.872229
  type: 'test'
  ...
# Subtest: PDP-2 disclosure density mapping follows the selected simple/guided/expert taxonomy
ok 456 - PDP-2 disclosure density mapping follows the selected simple/guided/expert taxonomy
  ---
  duration_ms: 17.553201
  type: 'test'
  ...
# Subtest: PDP-2 recovery and accessibility projections preserve their authored scope
ok 457 - PDP-2 recovery and accessibility projections preserve their authored scope
  ---
  duration_ms: 1.078231
  type: 'test'
  ...
# Subtest: PDP-2 projects exact owner-approved recipe identities while admission stays pending
ok 458 - PDP-2 projects exact owner-approved recipe identities while admission stays pending
  ---
  duration_ms: 0.527197
  type: 'test'
  ...
# Subtest: PDP-3 search and inspection source records project to the public schema shape
ok 459 - PDP-3 search and inspection source records project to the public schema shape
  ---
  duration_ms: 68.98122
  type: 'test'
  ...
# Subtest: residual report drops mapped PDP-2 and search/inspection fields while retaining other PDP-3 gaps
ok 460 - residual report drops mapped PDP-2 and search/inspection fields while retaining other PDP-3 gaps
  ---
  duration_ms: 12527.116526
  type: 'test'
  ...
# Subtest: PDP-2 recipe review keeps recipe identity distinct from template, pattern, and layout IDs
ok 461 - PDP-2 recipe review keeps recipe identity distinct from template, pattern, and layout IDs
  ---
  duration_ms: 13389.132563
  type: 'test'
  ...
# Subtest: PDP-2 rejects stale, duplicate, and cross-domain chain references
ok 462 - PDP-2 rejects stale, duplicate, and cross-domain chain references
  ---
  duration_ms: 3.860874
  type: 'test'
  ...
# Subtest: Tools public ExperienceLanguage validator accepts the current candidate using Media source registries
ok 463 - Tools public ExperienceLanguage validator accepts the current candidate using Media source registries
  ---
  duration_ms: 50.861965
  type: 'test'
  ...
# Subtest: Tools public ExperienceLanguage validator rejects duplicate recipe-binding identities
ok 464 - Tools public ExperienceLanguage validator rejects duplicate recipe-binding identities
  ---
  duration_ms: 6.003013
  type: 'test'
  ...
# Subtest: Tools public ExperienceLanguage validator rejects an unregistered recipe reference
ok 465 - Tools public ExperienceLanguage validator rejects an unregistered recipe reference
  ---
  duration_ms: 3.994352
  type: 'test'
  ...
# Subtest: P3-08 examples trace every named family to stable journey contracts
ok 466 - P3-08 examples trace every named family to stable journey contracts
  ---
  duration_ms: 2947.73541
  type: 'test'
  ...
# Subtest: P3-08 examples preserve the bounded source-defined caption operation boundary
ok 467 - P3-08 examples preserve the bounded source-defined caption operation boundary
  ---
  duration_ms: 23341.738026
  type: 'test'
  ...
# Subtest: P3-08 journey view and screen identities resolve through the current registry
ok 468 - P3-08 journey view and screen identities resolve through the current registry
  ---
  duration_ms: 2635.20162
  type: 'test'
  ...
# Subtest: P3-08 documented action and operation identities are source-backed
ok 469 - P3-08 documented action and operation identities are source-backed
  ---
  duration_ms: 26128.155333
  type: 'test'
  ...
# Subtest: P3-08 definition, implementation, qualification, license, availability, and acceptance stay distinct
ok 470 - P3-08 definition, implementation, qualification, license, availability, and acceptance stay distinct
  ---
  duration_ms: 0.674901
  type: 'test'
  ...
# Subtest: PDP-3 overview reports the registered baseline and extension journey denominators
ok 471 - PDP-3 overview reports the registered baseline and extension journey denominators
  ---
  duration_ms: 66.637235
  type: 'test'
  ...
# Subtest: P3-05 scenario and fixture denominator preserves source-linked and blocked populations
ok 472 - P3-05 scenario and fixture denominator preserves source-linked and blocked populations
  ---
  duration_ms: 3016.682458
  type: 'test'
  ...
# Subtest: P3-05 source start-state links match exact simulation seed fields without implying state acceptance
ok 473 - P3-05 source start-state links match exact simulation seed fields without implying state acceptance
  ---
  duration_ms: 6.37569
  type: 'test'
  ...
# Subtest: PDP-3 screen and journey contracts preserve exact registry cross-links
ok 474 - PDP-3 screen and journey contracts preserve exact registry cross-links
  ---
  duration_ms: 43951.096398
  type: 'test'
  ...
# Subtest: PDP-3 coverage preserves historical action counts and exposes current per-step dispositions
ok 475 - PDP-3 coverage preserves historical action counts and exposes current per-step dispositions
  ---
  duration_ms: 7046.302292
  type: 'test'
  ...
# Subtest: PDP-3 cross-link assertions reject stale, orphan, and duplicate references
ok 476 - PDP-3 cross-link assertions reject stale, orphan, and duplicate references
  ---
  duration_ms: 2.211408
  type: 'test'
  ...
# Subtest: PDP-3 actor projection rejects inferred initiators and invented actors
ok 477 - PDP-3 actor projection rejects inferred initiators and invented actors
  ---
  duration_ms: 3.579475
  type: 'test'
  ...
# Subtest: PDP-3 J-29/J-30 step views use exact owner-selected source contracts and preserve proposal status
ok 478 - PDP-3 J-29/J-30 step views use exact owner-selected source contracts and preserve proposal status
  ---
  duration_ms: 377.040916
  type: 'test'
  ...
# Subtest: J-02 upload workflow binds exact slices and preserves verification authority
ok 479 - J-02 upload workflow binds exact slices and preserves verification authority
  ---
  duration_ms: 23450.569311
  type: 'test'
  ...
# Subtest: PDP-3 navigation-only steps reject operation placeholders
ok 480 - PDP-3 navigation-only steps reject operation placeholders
  ---
  duration_ms: 0.934044
  type: 'test'
  ...
# Subtest: J-01 passive project reads admit only their exact source identity, view, and unadmitted QUERY
ok 481 - J-01 passive project reads admit only their exact source identity, view, and unadmitted QUERY
  ---
  duration_ms: 19.265145
  type: 'test'
  ...
# Subtest: PDP-3 step operation candidates follow the explicit PDP-1 action crosswalk and remain proposals
ok 482 - PDP-3 step operation candidates follow the explicit PDP-1 action crosswalk and remain proposals
  ---
  duration_ms: 23066.417256
  type: 'test'
  ...
# Subtest: capability families are exact leaf groupings without inherited operations or readiness
ok 483 - capability families are exact leaf groupings without inherited operations or readiness
  ---
  duration_ms: 10.186049
  type: 'test'
  ...
# Subtest: all 47 selected screen compositions resolve central patterns, layouts, components, actions, and responsive grammar
ok 484 - all 47 selected screen compositions resolve central patterns, layouts, components, actions, and responsive grammar
  ---
  duration_ms: 843.659727
  type: 'test'
  ...
# Subtest: the reusable composition validator is part of actual source validation and enforces reciprocal catalogs
ok 485 - the reusable composition validator is part of actual source validation and enforces reciprocal catalogs
  ---
  duration_ms: 9412.343758
  type: 'test'
  ...
# Subtest: owner-defined PDP-3 actions participate in actual composition reference resolution
ok 486 - owner-defined PDP-3 actions participate in actual composition reference resolution
  ---
  duration_ms: 1074.439778
  type: 'test'
  ...
# Subtest: composition validation rejects stale patterns, missing keyboard semantics, and local responsive overrides
ok 487 - composition validation rejects stale patterns, missing keyboard semantics, and local responsive overrides
  ---
  duration_ms: 127.111942
  type: 'test'
  ...
# Subtest: every uncertain action retains a template-level unknown-finality recovery pattern
ok 488 - every uncertain action retains a template-level unknown-finality recovery pattern
  ---
  duration_ms: 419.709266
  type: 'test'
  ...
# Subtest: central layout and accessibility rules retain critical facts at every density and color mode
ok 489 - central layout and accessibility rules retain critical facts at every density and color mode
  ---
  duration_ms: 24.245137
  type: 'test'
  ...
# Subtest: all 28 contract-only component families have typed, meaningful Media source definitions
ok 490 - all 28 contract-only component families have typed, meaningful Media source definitions
  ---
  duration_ms: 9360.771461
  type: 'test'
  ...
# Subtest: every family rejects a missing material field, an untyped field, and a missing semantic invariant
ok 491 - every family rejects a missing material field, an untyped field, and a missing semantic invariant
  ---
  duration_ms: 14331.650758
  type: 'test'
  ...
# Subtest: all 28 closed schemas validate positive values and reject invalid field types and contradictory state/variant pairs
ok 492 - all 28 closed schemas validate positive values and reject invalid field types and contradictory state/variant pairs
  ---
  duration_ms: 2606.098503
  type: 'test'
  ...
# Subtest: identity readiness requires an exact resolved upstream context tuple
ok 493 - identity readiness requires an exact resolved upstream context tuple
  ---
  duration_ms: 536.935595
  type: 'test'
  ...
# Subtest: typed schema validators refresh when the current source bytes change
ok 494 - typed schema validators refresh when the current source bytes change
  ---
  duration_ms: 5683.973801
  type: 'test'
  ...
# Subtest: rational clock values and half-open intervals enforce exact bounded semantics
ok 495 - rational clock values and half-open intervals enforce exact bounded semantics
  ---
  duration_ms: 608.553506
  type: 'test'
  ...
# Subtest: public-source dispositions remain distinct and are not mislabeled as typed Media contracts
ok 496 - public-source dispositions remain distinct and are not mislabeled as typed Media contracts
  ---
  duration_ms: 0.486555
  type: 'test'
  ...
# Subtest: HTTP health and diagnostic identities have exact source-backed transport dispositions
ok 497 - HTTP health and diagnostic identities have exact source-backed transport dispositions
  ---
  duration_ms: 374.043178
  type: 'test'
  ...
# Subtest: HTTP identities carry exact route, request/result, role, and bounded-or-candidate operation evidence
ok 498 - HTTP identities carry exact route, request/result, role, and bounded-or-candidate operation evidence
  ---
  duration_ms: 26171.669357
  type: 'test'
  ...
# Subtest: HTTP crosswalk rejects semantic drift even when an identity and route still exist
ok 499 - HTTP crosswalk rejects semantic drift even when an identity and route still exist
  ---
  duration_ms: 76.8336
  type: 'test'
  ...
# Subtest: gRPC transport and provider administration methods partition the exact observed service inventory
ok 500 - gRPC transport and provider administration methods partition the exact observed service inventory
  ---
  duration_ms: 23254.466409
  type: 'test'
  ...
# Subtest: gRPC crosswalk rejects request/result or streaming drift and invented domain equivalence
ok 501 - gRPC crosswalk rejects request/result or streaming drift and invented domain equivalence
  ---
  duration_ms: 2.725987
  type: 'test'
  ...
# Subtest: gRPC identities retain every exact request/result field while leaving semantic field parity open
ok 502 - gRPC identities retain every exact request/result field while leaving semantic field parity open
  ---
  duration_ms: 30.2598
  type: 'test'
  ...
# Subtest: STT file-transcription candidate records the exact canonical adapter gaps and rejects false parity
ok 503 - STT file-transcription candidate records the exact canonical adapter gaps and rejects false parity
  ---
  duration_ms: 1.616564
  type: 'test'
  ...
# Subtest: STT streaming candidate separates transport chunks from canonical versioned-stream inputs and receipts
ok 504 - STT streaming candidate separates transport chunks from canonical versioned-stream inputs and receipts
  ---
  duration_ms: 0.944289
  type: 'test'
  ...
# Subtest: STT correction acknowledgement stub cannot be promoted to a canonical correction effect
ok 505 - STT correction acknowledgement stub cannot be promoted to a canonical correction effect
  ---
  duration_ms: 1.311106
  type: 'test'
  ...
# Subtest: STT profile and adaptation identities retain source-exact effects while canonical ownership remains unresolved
ok 506 - STT profile and adaptation identities retain source-exact effects while canonical ownership remains unresolved
  ---
  duration_ms: 1.850565
  type: 'test'
  ...
# Subtest: TTS synthesis remains a family candidate because its implementation lacks canonical authority and durable receipts
ok 507 - TTS synthesis remains a family candidate because its implementation lacks canonical authority and durable receipts
  ---
  duration_ms: 1.185178
  type: 'test'
  ...
# Subtest: TTS voice cloning remains unadmitted until exact voice-rights and enrollment-source semantics exist
ok 508 - TTS voice cloning remains unadmitted until exact voice-rights and enrollment-source semantics exist
  ---
  duration_ms: 1.317221
  type: 'test'
  ...
# Subtest: parity inventory fails closed on duplicate or stale disposition identities
ok 509 - parity inventory fails closed on duplicate or stale disposition identities
  ---
  duration_ms: 1.143716
  type: 'test'
  ...
# Subtest: Media interface grammar resolves every source and preserves the complete finality safety vocabulary
ok 510 - Media interface grammar resolves every source and preserves the complete finality safety vocabulary
  ---
  duration_ms: 0.81101
  type: 'test'
  ...
# Subtest: legacy and candidate SDK paths stay explicitly unadmitted when absent from the active route manifest
ok 511 - legacy and candidate SDK paths stay explicitly unadmitted when absent from the active route manifest
  ---
  duration_ms: 0.713474
  type: 'test'
  ...
# Subtest: remaining machine-channel identities are finite, source-backed, and explicitly non-accepted
ok 512 - remaining machine-channel identities are finite, source-backed, and explicitly non-accepted
  ---
  duration_ms: 116.485041
  type: 'test'
  ...
# Subtest: client callbacks and UI action intents are not canonical lifecycle events
ok 513 - client callbacks and UI action intents are not canonical lifecycle events
  ---
  duration_ms: 13.760605
  type: 'test'
  ...
# Subtest: all UI action effect contracts are source-exact and stay separate from operation acceptance
ok 514 - all UI action effect contracts are source-exact and stay separate from operation acceptance
  ---
  duration_ms: 37.914071
  type: 'test'
  ...
# Subtest: runtime lifecycle events and client notifications keep their distinct exact source roles
ok 515 - runtime lifecycle events and client notifications keep their distinct exact source roles
  ---
  duration_ms: 6.469721
  type: 'test'
  ...
# Subtest: fixture CLI crosswalk rejects a different parser action and production-scope promotion
ok 516 - fixture CLI crosswalk rejects a different parser action and production-scope promotion
  ---
  duration_ms: 0.872104
  type: 'test'
  ...
# Subtest: SDK crosswalk rejects wrong leaf bindings, client-local promotion, and unadmitted retry
ok 517 - SDK crosswalk rejects wrong leaf bindings, client-local promotion, and unadmitted retry
  ---
  duration_ms: 0.861439
  type: 'test'
  ...
# Subtest: all 31 Media component families have an exact export or an explicit contract-only disposition
ok 518 - all 31 Media component families have an exact export or an explicit contract-only disposition
  ---
  duration_ms: 7.211876
  type: 'test'
  ...
# Subtest: screen candidates, partial Shared reuse, and similar component exports never become family equivalence
ok 519 - screen candidates, partial Shared reuse, and similar component exports never become family equivalence
  ---
  duration_ms: 4.276552
  type: 'test'
  ...
# Subtest: all 146 PDP-3 actions retain exact authored actor, guard, effect, finality, and recovery source
ok 520 - all 146 PDP-3 actions retain exact authored actor, guard, effect, finality, and recovery source
  ---
  duration_ms: 16.320307
  type: 'test'
  ...
# Subtest: experience candidate projects the exact PXD-083 Media required-prop source set
ok 521 - experience candidate projects the exact PXD-083 Media required-prop source set
  ---
  duration_ms: 20.30271
  type: 'test'
  ...
# Subtest: existing public prop projection remains exactly source-bound
ok 522 - existing public prop projection remains exactly source-bound
  ---
  duration_ms: 0.680327
  type: 'test'
  ...
# Subtest: PDP-3 typed action semantics project only exact owner definitions
ok 523 - PDP-3 typed action semantics project only exact owner definitions
  ---
  duration_ms: 43.46957
  type: 'test'
  ...
# Subtest: PDP-3 typed action mapping rejects stale decision, effect, role, and operation identities
ok 524 - PDP-3 typed action mapping rejects stale decision, effect, role, and operation identities
  ---
  duration_ms: 241.119107
  type: 'test'
  ...
# Subtest: Media identity adapter envelope stays typed and Shared wire names remain pending
ok 525 - Media identity adapter envelope stays typed and Shared wire names remain pending
  ---
  duration_ms: 3.176013
  type: 'test'
  ...
# Subtest: anonymous initiation and authenticated workspace selection use distinct trusted host contexts
ok 526 - anonymous initiation and authenticated workspace selection use distinct trusted host contexts
  ---
  duration_ms: 2.259428
  type: 'test'
  ...
# Subtest: identity requests reject injected credentials, caller claims, unsafe routes, and malformed host options
ok 527 - identity requests reject injected credentials, caller claims, unsafe routes, and malformed host options
  ---
  duration_ms: 0.414946
  type: 'test'
  ...
# Subtest: all result outcomes stay bound to nonce and return route before affecting the view
ok 528 - all result outcomes stay bound to nonce and return route before affecting the view
  ---
  duration_ms: 0.793733
  type: 'test'
  ...
# Subtest: exact owner pin, identity, membership, clock and expiry are required for an acceptable fixture
ok 529 - exact owner pin, identity, membership, clock and expiry are required for an acceptable fixture
  ---
  duration_ms: 0.997693
  type: 'test'
  ...
# Subtest: Media enum candidates validate against the exact current Tools source schema without using the installed snapshot
ok 530 - Media enum candidates validate against the exact current Tools source schema without using the installed snapshot
  ---
  duration_ms: 24.762575
  type: 'test'
  ...
# Subtest: current Tools source schema rejects enum/boolean conflict and missing enum branches
ok 531 - current Tools source schema rejects enum/boolean conflict and missing enum branches
  ---
  duration_ms: 0.511353
  type: 'test'
  ...
# Subtest: PDP-3 public effect and finality candidates cover every action without coercing unresolved truth
ok 532 - PDP-3 public effect and finality candidates cover every action without coercing unresolved truth
  ---
  duration_ms: 20.144814
  type: 'test'
  ...
# Subtest: generated experience candidate projects 145 bounded mappings and preserves the three historical public IDs
ok 533 - generated experience candidate projects 145 bounded mappings and preserves the three historical public IDs
  ---
  duration_ms: 6.75651
  type: 'test'
  ...
# Subtest: PXD-078 candidate validation rejects forged or stale source mapping mutations
ok 534 - PXD-078 candidate validation rejects forged or stale source mapping mutations
  ---
  duration_ms: 231.101763
  type: 'test'
  ...
# Subtest: PXD-078 membership is exactly the original 146 minus both Shared handoffs; PXD-077 is reconnect alone
ok 535 - PXD-078 membership is exactly the original 146 minus both Shared handoffs; PXD-077 is reconnect alone
  ---
  duration_ms: 29.901386
  type: 'test'
  ...
# Subtest: PDP-3 taxonomy candidates never claim runtime admission or operation success
ok 536 - PDP-3 taxonomy candidates never claim runtime admission or operation success
  ---
  duration_ms: 4.275595
  type: 'test'
  ...
# Subtest: J-29 reconnect action binds exact canonical input, trusted identity, authority, and receipt semantics
ok 537 - J-29 reconnect action binds exact canonical input, trusted identity, authority, and receipt semantics
  ---
  duration_ms: 51.291845
  type: 'test'
  ...
# Subtest: all 130 PDP-3 journey steps preserve their exact source facts and action disposition
ok 538 - all 130 PDP-3 journey steps preserve their exact source facts and action disposition
  ---
  duration_ms: 2424.257056
  type: 'test'
  ...
# Subtest: ambiguous live-session steps are not rebound to unrelated generic job actions
ok 539 - ambiguous live-session steps are not rebound to unrelated generic job actions
  ---
  duration_ms: 61.055922
  type: 'test'
  ...
# Subtest: all 47 view definitions enumerate every source label without treating a label or source pointer as evidence
ok 540 - all 47 view definitions enumerate every source label without treating a label or source pointer as evidence
  ---
  duration_ms: 25.785993
  type: 'test'
  ...
# Subtest: no view-label enum is treated as an observation schema; unsupported fact families fail closed
ok 541 - no view-label enum is treated as an observation schema; unsupported fact families fail closed
  ---
  duration_ms: 1.015834
  type: 'test'
  ...
# Subtest: project list labels derive from a fresh trusted query result, not a label or self-asserted currentness
ok 542 - project list labels derive from a fresh trusted query result, not a label or self-asserted currentness
  ---
  duration_ms: 176.013807
  type: 'test'
  ...
# Subtest: in-flight labels derive only from a fresh exact local request tuple and never assert remote finality
ok 543 - in-flight labels derive only from a fresh exact local request tuple and never assert remote finality
  ---
  duration_ms: 9.132766
  type: 'test'
  ...
# Subtest: all 27 in-flight labels bind pending observations to a source action-operation tuple
ok 544 - all 27 in-flight labels bind pending observations to a source action-operation tuple
  ---
  duration_ms: 11.466154
  type: 'test'
  ...
# Subtest: offline labels derive from fresh exact client-local availability signals, not remote state
ok 545 - offline labels derive from fresh exact client-local availability signals, not remote state
  ---
  duration_ms: 8.904714
  type: 'test'
  ...
# Subtest: stale labels compare an exact object/version snapshot against trusted currentness and age policy
ok 546 - stale labels compare an exact object/version snapshot against trusted currentness and age policy
  ---
  duration_ms: 14.132149
  type: 'test'
  ...
# Subtest: query predicates fail closed on absent scope, stale reads, incomplete empty pages, malformed facts, or wrong source
ok 547 - query predicates fail closed on absent scope, stale reads, incomplete empty pages, malformed facts, or wrong source
  ---
  duration_ms: 1.36451
  type: 'test'
  ...
# Subtest: labels whose current owner query schema cannot support a state remain explicitly unsupported
ok 548 - labels whose current owner query schema cannot support a state remain explicitly unsupported
  ---
  duration_ms: 4.461161
  type: 'test'
  ...
# Subtest: artifact lifecycle predicates bind the exact proposed read model, immutable version, evidence and currentness
ok 549 - artifact lifecycle predicates bind the exact proposed read model, immutable version, evidence and currentness
  ---
  duration_ms: 6.299785
  type: 'test'
  ...
# Subtest: stored job observations bind exact owner read scope and map only OUTCOME_UNKNOWN
ok 550 - stored job observations bind exact owner read scope and map only OUTCOME_UNKNOWN
  ---
  duration_ms: 4.006203
  type: 'test'
  ...
# Subtest: local draft observations compare exact current snapshot and base across every typed draft label
ok 551 - local draft observations compare exact current snapshot and base across every typed draft label
  ---
  duration_ms: 70.836484
  type: 'test'
  ...
# Subtest: all unknown-outcome labels bind exact action-operation tuples to local loss-of-response facts only
ok 552 - all unknown-outcome labels bind exact action-operation tuples to local loss-of-response facts only
  ---
  duration_ms: 46.964641
  type: 'test'
  ...
# Subtest: all 47 PDP-3 view identities have exact P1 state bindings or explicit noncanonical presentation dispositions
ok 553 - all 47 PDP-3 view identities have exact P1 state bindings or explicit noncanonical presentation dispositions
  ---
  duration_ms: 28.809954
  type: 'test'
  ...
# Subtest: find-projects outcome labels have exact scoped query and create-receipt predicates
ok 554 - find-projects outcome labels have exact scoped query and create-receipt predicates
  ---
  duration_ms: 0.778398
  type: 'test'
  ...
# Subtest: view-state validation rejects omitted views, invented states, drifted labels and automatic transitions
ok 555 - view-state validation rejects omitted views, invented states, drifted labels and automatic transitions
  ---
  duration_ms: 94.476274
  type: 'test'
  ...
# Subtest: migration correction: estimated depth remains distinct from measured ground truth
ok 556 - migration correction: estimated depth remains distinct from measured ground truth
  ---
  duration_ms: 2.206191
  type: 'test'
  ...
# Subtest: migration correction: enhancer pipeline proposes only eligible operations and does not auto-apply
ok 557 - migration correction: enhancer pipeline proposes only eligible operations and does not auto-apply
  ---
  duration_ms: 0.515708
  type: 'test'
  ...
# Subtest: migration correction: operation acceptance is not completion
ok 558 - migration correction: operation acceptance is not completion
  ---
  duration_ms: 0.455211
  type: 'test'
  ...
# Subtest: migration correction: user rights attestation cannot establish verified consent or license
ok 559 - migration correction: user rights attestation cannot establish verified consent or license
  ---
  duration_ms: 0.252803
  type: 'test'
  ...
# Subtest: migration correction: Media CLI paths and interrupts remain client-local and do not cancel remote work
ok 560 - migration correction: Media CLI paths and interrupts remain client-local and do not cancel remote work
  ---
  duration_ms: 0.575211
  type: 'test'
  ...
# Subtest: migration correction: source data is minimized per exact operation purpose
ok 561 - migration correction: source data is minimized per exact operation purpose
  ---
  duration_ms: 0.332936
  type: 'test'
  ...
# Subtest: migration correction: license evidence applies independently to wrapped code, model weights, codecs, and assets
ok 562 - migration correction: license evidence applies independently to wrapped code, model weights, codecs, and assets
  ---
  duration_ms: 0.375246
  type: 'test'
  ...
# Subtest: migration correction: odd 4:2:0 dimensions require exact encoder-profile alignment
ok 563 - migration correction: odd 4:2:0 dimensions require exact encoder-profile alignment
  ---
  duration_ms: 0.259311
  type: 'test'
  ...
# Subtest: migration correction: delivery compatibility and fallback are profile-bound, evidence-based, and explicit
ok 564 - migration correction: delivery compatibility and fallback are profile-bound, evidence-based, and explicit
  ---
  duration_ms: 0.783397
  type: 'test'
  ...
# Subtest: migration correction: dependency pins and promotion checks are definition-only gates
ok 565 - migration correction: dependency pins and promotion checks are definition-only gates
  ---
  duration_ms: 0.806757
  type: 'test'
  ...
# Subtest: 13 previously mismatched capability claims now target exact owner semantics with pinned source values
ok 566 - 13 previously mismatched capability claims now target exact owner semantics with pinned source values
  ---
  duration_ms: 9.310262
  type: 'test'
  ...
# Subtest: privacy and erasure capability claims target exact policy/state sources and preserve open implementation limits
ok 567 - privacy and erasure capability claims target exact policy/state sources and preserve open implementation limits
  ---
  duration_ms: 1.010192
  type: 'test'
  ...
# Subtest: best-effort diagnostics do not decide business outcome or replace required audit intent
ok 568 - best-effort diagnostics do not decide business outcome or replace required audit intent
  ---
  duration_ms: 0.563042
  type: 'test'
  ...
# Subtest: model, worker, recipe, and isolation claims target exact owner boundaries without admission promotion
ok 569 - model, worker, recipe, and isolation claims target exact owner boundaries without admission promotion
  ---
  duration_ms: 4.103398
  type: 'test'
  ...
# Subtest: MPSEM-0187-C001: identity and gaze analysis remain scoped uncertain inferences
ok 570 - MPSEM-0187-C001: identity and gaze analysis remain scoped uncertain inferences
  ---
  duration_ms: 2.899163
  type: 'test'
  ...
# Subtest: MPSEM-0212-C005 and MPSEM-0291-C006: compatibility and fallback require exact profiles and declared confirmation
ok 571 - MPSEM-0212-C005 and MPSEM-0291-C006: compatibility and fallback require exact profiles and declared confirmation
  ---
  duration_ms: 0.532072
  type: 'test'
  ...
# Subtest: MPSEM-0287-C001: processing location remains a distinct explicit policy axis
ok 572 - MPSEM-0287-C001: processing location remains a distinct explicit policy axis
  ---
  duration_ms: 1.586045
  type: 'test'
  ...
# Subtest: MPSEM-0298-C001 and MPSEM-0298-C002: generic job request is closed, typed, bounded, and host-scoped
ok 573 - MPSEM-0298-C001 and MPSEM-0298-C002: generic job request is closed, typed, bounded, and host-scoped
  ---
  duration_ms: 0.594681
  type: 'test'
  ...
# Subtest: MPSEM-0300-C001: accepted generic submission receipt carries canonical status, operation, fingerprint, and observation location
ok 574 - MPSEM-0300-C001: accepted generic submission receipt carries canonical status, operation, fingerprint, and observation location
  ---
  duration_ms: 0.659382
  type: 'test'
  ...
# Subtest: MPSEM-0375-C001, C002 and C004: dispatch intent, effect-started receipt, and provider receipt have distinct durable boundaries
ok 575 - MPSEM-0375-C001, C002 and C004: dispatch intent, effect-started receipt, and provider receipt have distinct durable boundaries
  ---
  duration_ms: 0.437636
  type: 'test'
  ...
# Subtest: MPSEM-0304-C001: artifact operations are explicit separate leaf contracts
ok 576 - MPSEM-0304-C001: artifact operations are explicit separate leaf contracts
  ---
  duration_ms: 0.621743
  type: 'test'
  ...
# Subtest: MPSEM-0305-C002 and MPSEM-0377-C001: retry requires bounded, classified eligibility and reconciliation first
ok 577 - MPSEM-0305-C002 and MPSEM-0377-C001: retry requires bounded, classified eligibility and reconciliation first
  ---
  duration_ms: 0.492047
  type: 'test'
  ...
# Subtest: MPSEM-0310-C001 and MPSEM-0310-C003: observation is bounded and missing progress stays unknown
ok 578 - MPSEM-0310-C001 and MPSEM-0310-C003: observation is bounded and missing progress stays unknown
  ---
  duration_ms: 0.949119
  type: 'test'
  ...
# Subtest: MPSEM-0312-C002: operation-specific closed schemas reject undeclared parameters
ok 579 - MPSEM-0312-C002: operation-specific closed schemas reject undeclared parameters
  ---
  duration_ms: 0.917169
  type: 'test'
  ...
# Subtest: MPSEM-0313-C001, C002 and C004: byte access, external import and text generation use typed guarded contracts
ok 580 - MPSEM-0313-C001, C002 and C004: byte access, external import and text generation use typed guarded contracts
  ---
  duration_ms: 0.494399
  type: 'test'
  ...
# Subtest: MPSEM-0336-C007 and MPSEM-0346-C002: detaching observation is not remote cancellation or finality
ok 581 - MPSEM-0336-C007 and MPSEM-0346-C002: detaching observation is not remote cancellation or finality
  ---
  duration_ms: 0.316552
  type: 'test'
  ...
# Subtest: MPSEM-0355-C001 and MPSEM-0367-C003: minimized data, privacy defaults and retention evidence stay explicit
ok 582 - MPSEM-0355-C001 and MPSEM-0367-C003: minimized data, privacy defaults and retention evidence stay explicit
  ---
  duration_ms: 0.473373
  type: 'test'
  ...
# Subtest: MPSEM-0372-C006 and MPSEM-0378-C002: stage/progress is separate from job authority and corrections append
ok 583 - MPSEM-0372-C006 and MPSEM-0378-C002: stage/progress is separate from job authority and corrections append
  ---
  duration_ms: 0.262839
  type: 'test'
  ...
# Subtest: MPSEM-0458-C005: an out-of-process boundary does not grant license or effect admission
ok 584 - MPSEM-0458-C005: an out-of-process boundary does not grant license or effect admission
  ---
  duration_ms: 0.170893
  type: 'test'
  ...
# Subtest: metric qualification is bound to an exact metric-domain-provider-method and calibration tuple
ok 585 - metric qualification is bound to an exact metric-domain-provider-method and calibration tuple
  ---
  duration_ms: 9.684647
  type: 'test'
  ...
# Subtest: ordinary recipe structure never grants agent-runtime or tool-execution authority
ok 586 - ordinary recipe structure never grants agent-runtime or tool-execution authority
  ---
  duration_ms: 4.733945
  type: 'test'
  ...
# Subtest: Tools development workflow migration claim routes to exact Media execution boundary
ok 587 - Tools development workflow migration claim routes to exact Media execution boundary
  ---
  duration_ms: 11.486308
  type: 'test'
  ...
# Subtest: clock and conversion migration claims route to distinct exact time policies
ok 588 - clock and conversion migration claims route to distinct exact time policies
  ---
  duration_ms: 0.65744
  type: 'test'
  ...
# Subtest: per-metric qualification claim routes to exact leaf and profile scope policy
ok 589 - per-metric qualification claim routes to exact leaf and profile scope policy
  ---
  duration_ms: 0.472159
  type: 'test'
  ...
# Subtest: untrusted decoder and executable isolation claim routes to the exact security baseline
ok 590 - untrusted decoder and executable isolation claim routes to the exact security baseline
  ---
  duration_ms: 0.504863
  type: 'test'
  ...
# Subtest: capability availability, invocation, recipe, and document-intelligence claims route to exact owner records
ok 591 - capability availability, invocation, recipe, and document-intelligence claims route to exact owner records
  ---
  duration_ms: 1.03474
  type: 'test'
  ...
# Subtest: ordinary product navigation does not expose a technical provider catalog by default
ok 592 - ordinary product navigation does not expose a technical provider catalog by default
  ---
  duration_ms: 0.50441
  type: 'test'
  ...
# Subtest: the fixed constitution, density, audit, and locale cohort resolves to exact owner clauses and current value pins
ok 593 - the fixed constitution, density, audit, and locale cohort resolves to exact owner clauses and current value pins
  ---
  duration_ms: 27.836285
  type: 'test'
  ...
# Subtest: material, source, target and acceptance mutations fail the cohort validator
ok 594 - material, source, target and acceptance mutations fail the cohort validator
  ---
  duration_ms: 2.135963
  type: 'test'
  ...
# Subtest: fail-closed, policy separation and audit clauses reject weakened variants
ok 595 - fail-closed, policy separation and audit clauses reject weakened variants
  ---
  duration_ms: 26.22664
  type: 'test'
  ...
# Subtest: the human-readable Simple/Guided/Expert density progression is not collapsed
ok 596 - the human-readable Simple/Guided/Expert density progression is not collapsed
  ---
  duration_ms: 8.855736
  type: 'test'
  ...
# Subtest: audit and telemetry clauses keep best-effort delivery separate from required durable effect intent
ok 597 - audit and telemetry clauses keep best-effort delivery separate from required durable effect intent
  ---
  duration_ms: 7.227677
  type: 'test'
  ...
# Subtest: the finite dependency migration cohort has exact owner clauses and claim-level source pins
ok 598 - the finite dependency migration cohort has exact owner clauses and claim-level source pins
  ---
  duration_ms: 8.599855
  type: 'test'
  ...
# Subtest: dependency claim review rejects material-clause loss, wrong target, stale hash, and forged acceptance
ok 599 - dependency claim review rejects material-clause loss, wrong target, stale hash, and forged acceptance
  ---
  duration_ms: 2.353857
  type: 'test'
  ...
# Subtest: the absent historical OSS inventory stays unresolved instead of being treated as a current authoritative inventory
ok 600 - the absent historical OSS inventory stays unresolved instead of being treated as a current authoritative inventory
  ---
  duration_ms: 2.277134
  type: 'test'
  ...
# Subtest: the shared identity handoff preserves existing auth services and public-contract dependencies
ok 601 - the shared identity handoff preserves existing auth services and public-contract dependencies
  ---
  duration_ms: 0.927867
  type: 'test'
  ...
# Subtest: CLI exit code 3 means authentication failure and cannot collapse into policy rejection
ok 602 - CLI exit code 3 means authentication failure and cannot collapse into policy rejection
  ---
  duration_ms: 0.783554
  type: 'test'
  ...
# Subtest: 48 glossary/domain-model claims retain exact claim text and exact owner-source semantics
ok 603 - 48 glossary/domain-model claims retain exact claim text and exact owner-source semantics
  ---
  duration_ms: 19.49526
  type: 'test'
  ...
# Subtest: resolution claim preserves model, encoder, and display constraints and rejects false universals
ok 604 - resolution claim preserves model, encoder, and display constraints and rejects false universals
  ---
  duration_ms: 0.679527
  type: 'test'
  ...
# Subtest: authored owner semantics for source-authored high-risk claims preserve exact material predicates
ok 605 - authored owner semantics for source-authored high-risk claims preserve exact material predicates
  ---
  duration_ms: 17.192359
  type: 'test'
  ...
# Subtest: scene geometry keeps owner-declared unit conversion as an explicit bounded exception
ok 606 - scene geometry keeps owner-declared unit conversion as an explicit bounded exception
  ---
  duration_ms: 1.722979
  type: 'test'
  ...
# Subtest: external authoring and Kernel handoff claims require exact published owner contracts
ok 607 - external authoring and Kernel handoff claims require exact published owner contracts
  ---
  duration_ms: 5.293079
  type: 'test'
  ...
# Subtest: handoff envelope binds every admitted call to required fields and service-call authority boundary
ok 608 - handoff envelope binds every admitted call to required fields and service-call authority boundary
  ---
  duration_ms: 2.251845
  type: 'test'
  ...
# Subtest: reuse priority requires Ghatana-first evidence and justifies any later implementation choice
ok 609 - reuse priority requires Ghatana-first evidence and justifies any later implementation choice
  ---
  duration_ms: 0.393096
  type: 'test'
  ...
# Subtest: Data Cloud compatibility continuity is explicit while Media mutations stay owner-bound
ok 610 - Data Cloud compatibility continuity is explicit while Media mutations stay owner-bound
  ---
  duration_ms: 4.672731
  type: 'test'
  ...
# Subtest: external owner binding requires immutable public identity and fails closed when fingerprint evidence is absent
ok 611 - external owner binding requires immutable public identity and fails closed when fingerprint evidence is absent
  ---
  duration_ms: 1.182752
  type: 'test'
  ...
# Subtest: Media meaning remains Media-owned while external capability meaning stays owner-controlled
ok 612 - Media meaning remains Media-owned while external capability meaning stays owner-controlled
  ---
  duration_ms: 0.757025
  type: 'test'
  ...
# Subtest: Data Cloud consumer visibility uses its own scoped continuation rather than DI cancellation state
ok 613 - Data Cloud consumer visibility uses its own scoped continuation rather than DI cancellation state
  ---
  duration_ms: 1.000978
  type: 'test'
  ...
# Subtest: wrong owner locators and semantic mutations fail the reviewed bindings
ok 614 - wrong owner locators and semantic mutations fail the reviewed bindings
  ---
  duration_ms: 20.754261
  type: 'test'
  ...
# Subtest: the finite cross-product handoff cohort binds exact owner clauses and claim-level hashes
ok 615 - the finite cross-product handoff cohort binds exact owner clauses and claim-level hashes
  ---
  duration_ms: 26.433082
  type: 'test'
  ...
# Subtest: handoff owner clauses reject invented contracts, missing authority and lossy fidelity
ok 616 - handoff owner clauses reject invented contracts, missing authority and lossy fidelity
  ---
  duration_ms: 20.383981
  type: 'test'
  ...
# Subtest: remaining source-backed handoff roles preserve exact owners and admitted public boundaries
ok 617 - remaining source-backed handoff roles preserve exact owners and admitted public boundaries
  ---
  duration_ms: 10.313569
  type: 'test'
  ...
# Subtest: cross-product owner and boundary clauses reject role substitution and implicit admission
ok 618 - cross-product owner and boundary clauses reject role substitution and implicit admission
  ---
  duration_ms: 33.882386
  type: 'test'
  ...
# Subtest: PXD-085 verifies exactly 46 migration owner routes against source, current value and claim pins
ok 619 - PXD-085 verifies exactly 46 migration owner routes against source, current value and claim pins
  ---
  duration_ms: 433.90899
  type: 'test'
  ...
# Subtest: PXD-085 review verification rejects owner-value loss, stale source pins, and forged acceptance
ok 620 - PXD-085 review verification rejects owner-value loss, stale source pins, and forged acceptance
  ---
  duration_ms: 4.229997
  type: 'test'
  ...
# Subtest: privacy, preservation, person-inference and wire-compatibility claims bind exact current owner rules
ok 621 - privacy, preservation, person-inference and wire-compatibility claims bind exact current owner rules
  ---
  duration_ms: 25.152453
  type: 'test'
  ...
# Subtest: material mutations cannot erase privacy axes, uncertainty, preservation limits or exact wire compatibility
ok 622 - material mutations cannot erase privacy axes, uncertainty, preservation limits or exact wire compatibility
  ---
  duration_ms: 14.824259
  type: 'test'
  ...
# Subtest: profile and cross-product claims bind the exact complete Media owner rules
ok 623 - profile and cross-product claims bind the exact complete Media owner rules
  ---
  duration_ms: 17.946691
  type: 'test'
  ...
# Subtest: owner mappings reject loss of material clauses even when the target remains present
ok 624 - owner mappings reject loss of material clauses even when the target remains present
  ---
  duration_ms: 21.262796
  type: 'test'
  ...
# Subtest: finite alias rule is sourced from the command-language policy and not a product-owner label
ok 625 - finite alias rule is sourced from the command-language policy and not a product-owner label
  ---
  duration_ms: 0.533067
  type: 'test'
  ...
# Subtest: the Gharbatai/PHR consumer phrase is only a table label, not an ownership rule
ok 626 - the Gharbatai/PHR consumer phrase is only a table label, not an ownership rule
  ---
  duration_ms: 15.838672
  type: 'test'
  ...
# Subtest: PXD-086 verifies exactly 57 bounded profile/handoff claims and one source-metadata row
ok 627 - PXD-086 verifies exactly 57 bounded profile/handoff claims and one source-metadata row
  ---
  duration_ms: 3707.10694
  type: 'test'
  ...
# Subtest: PXD-084, PXD-085 and PXD-086 are disjoint immutable review cohorts
ok 628 - PXD-084, PXD-085 and PXD-086 are disjoint immutable review cohorts
  ---
  duration_ms: 3445.317872
  type: 'test'
  ...
# Subtest: migration review counters include PXD-086 without promoting phase acceptance
ok 629 - migration review counters include PXD-086 without promoting phase acceptance
  ---
  duration_ms: 1.457578
  type: 'test'
  ...
# Subtest: the fixed profile-semantics migration cohort preserves per-axis material meaning
ok 630 - the fixed profile-semantics migration cohort preserves per-axis material meaning
  ---
  duration_ms: 8.130131
  type: 'test'
  ...
# Subtest: profile material mutations cannot erase independent constraints or turn fallback into permission
ok 631 - profile material mutations cannot erase independent constraints or turn fallback into permission
  ---
  duration_ms: 4.220194
  type: 'test'
  ...
# Subtest: the finite qualification policy claim cohort binds exact Media owner rules and value digests
ok 632 - the finite qualification policy claim cohort binds exact Media owner rules and value digests
  ---
  duration_ms: 11.831487
  type: 'test'
  ...
# Subtest: qualification routes reject material policy weakening and cannot claim acceptance
ok 633 - qualification routes reject material policy weakening and cannot claim acceptance
  ---
  duration_ms: 4.527602
  type: 'test'
  ...
# Subtest: cache reuse is invalidated by authority, policy, output integrity, or context changes
ok 634 - cache reuse is invalidated by authority, policy, output integrity, or context changes
  ---
  duration_ms: 0.71359
  type: 'test'
  ...
# Subtest: solver bounds, patent rights, and cache profile identities are material qualification scope
ok 635 - solver bounds, patent rights, and cache profile identities are material qualification scope
  ---
  duration_ms: 2.22142
  type: 'test'
  ...
# Subtest: PDP-38 migration overlay exactly partitions all 260 historical unresolved blocks
ok 636 - PDP-38 migration overlay exactly partitions all 260 historical unresolved blocks
  ---
  duration_ms: 52876.587811
  type: 'test'
  ...
# Subtest: the MPSEM-0066 lead-in is classified from its exact colon-and-list source structure
ok 637 - the MPSEM-0066 lead-in is classified from its exact colon-and-list source structure
  ---
  duration_ms: 3.107656
  type: 'test'
  ...
# Subtest: the REV-03 table label is metadata while its problem and required resolution stay separate claims
ok 638 - the REV-03 table label is metadata while its problem and required resolution stay separate claims
  ---
  duration_ms: 3.380178
  type: 'test'
  ...
# Subtest: high-risk cover, identity, phase, and one-owner mappings reject unrelated stable targets
ok 639 - high-risk cover, identity, phase, and one-owner mappings reject unrelated stable targets
  ---
  duration_ms: 11.340537
  type: 'test'
  ...
# Subtest: model-acquisition review preserves the pinned snapshot and records the new owner policy delta
ok 640 - model-acquisition review preserves the pinned snapshot and records the new owner policy delta
  ---
  duration_ms: 1.322096
  type: 'test'
  ...
# Subtest: known migration target corrections preserve the full claim clauses at exact owner sources
ok 641 - known migration target corrections preserve the full claim clauses at exact owner sources
  ---
  duration_ms: 2.069222
  type: 'test'
  ...
# Subtest: mixed four-phase summary is decomposed into exact current owner sources
ok 642 - mixed four-phase summary is decomposed into exact current owner sources
  ---
  duration_ms: 0.55205
  type: 'test'
  ...
# Subtest: erasure negative boundary maps to the actual metadata-only confirmation rule
ok 643 - erasure negative boundary maps to the actual metadata-only confirmation rule
  ---
  duration_ms: 0.659637
  type: 'test'
  ...
# Subtest: license and adapter-sequencing claims preserve their exact owner-defined rules
ok 644 - license and adapter-sequencing claims preserve their exact owner-defined rules
  ---
  duration_ms: 4.896261
  type: 'test'
  ...
# Subtest: semantic assertions reject a stable but unrelated candidate target
ok 645 - semantic assertions reject a stable but unrelated candidate target
  ---
  duration_ms: 3.153543
  type: 'test'
  ...
# Subtest: the current token impact overlay binds exact added source paths without changing historical alias claims
ok 646 - the current token impact overlay binds exact added source paths without changing historical alias claims
  ---
  duration_ms: 9.167765
  type: 'test'
  ...
# Subtest: a source impact overlay cannot relabel local source consumption as accepted public API adoption
ok 647 - a source impact overlay cannot relabel local source consumption as accepted public API adoption
  ---
  duration_ms: 0.606778
  type: 'test'
  ...
# Subtest: PDP overview pages link current authority, acceptance, and source inventory records
ok 648 - PDP overview pages link current authority, acceptance, and source inventory records
  ---
  duration_ms: 2.311974
  type: 'test'
  ...
# Subtest: PDP overview blocker summaries match generated candidate projections
ok 649 - PDP overview blocker summaries match generated candidate projections
  ---
  duration_ms: 2.131231
  type: 'test'
  ...
# Subtest: PDP overview docs keep phase prerequisites and independent/external gates explicit
ok 650 - PDP overview docs keep phase prerequisites and independent/external gates explicit
  ---
  duration_ms: 0.45689
  type: 'test'
  ...
# Subtest: PDP-3 overview preserves historical PXD-028 and current PXD-037 composition-link decisions
ok 651 - PDP-3 overview preserves historical PXD-028 and current PXD-037 composition-link decisions
  ---
  duration_ms: 0.377165
  type: 'test'
  ...
# Subtest: artifact lifecycle read is a definition-only exact-version query with trusted scope and complete state mapping
ok 652 - artifact lifecycle read is a definition-only exact-version query with trusted scope and complete state mapping
  ---
  duration_ms: 24569.496707
  type: 'test'
  ...
# Subtest: artifact lifecycle oracle accepts exact state/evidence and rejects mismatched state, authority, caller scope, or fabricated UNKNOWN
ok 653 - artifact lifecycle oracle accepts exact state/evidence and rejects mismatched state, authority, caller scope, or fabricated UNKNOWN
  ---
  duration_ms: 20762.118536
  type: 'test'
  ...
# Subtest: every declared NFR has one complete owner measurement method without implying observation or acceptance
ok 654 - every declared NFR has one complete owner measurement method without implying observation or acceptance
  ---
  duration_ms: 23664.36759
  type: 'test'
  ...
# Subtest: performance method binds all six proposed budgets while preserving unnamed environments as a gate
ok 655 - performance method binds all six proposed budgets while preserving unnamed environments as a gate
  ---
  duration_ms: 0.960613
  type: 'test'
  ...
# Subtest: missing method material and attempted qualification promotion fail validation
ok 656 - missing method material and attempted qualification promotion fail validation
  ---
  duration_ms: 19.368184
  type: 'test'
  ...
# Subtest: SLO and human/specialist methods remain gated on their real external evidence
ok 657 - SLO and human/specialist methods remain gated on their real external evidence
  ---
  duration_ms: 0.318188
  type: 'test'
  ...
# Subtest: trustworthy-output applicability follows output-producer role and preserves incomplete candidates
ok 658 - trustworthy-output applicability follows output-producer role and preserves incomplete candidates
  ---
  duration_ms: 13098.547377
  type: 'test'
  ...
# Subtest: job read projections preserve the Java/OpenAPI record and fail closed on unmapped state/finality
ok 659 - job read projections preserve the Java/OpenAPI record and fail closed on unmapped state/finality
  ---
  duration_ms: 20002.01339
  type: 'test'
  ...
# Subtest: provider and recovery populations include exact local compute and unknown asynchronous operations
ok 660 - provider and recovery populations include exact local compute and unknown asynchronous operations
  ---
  duration_ms: 10677.235504
  type: 'test'
  ...
# Subtest: owner meanings close the previously pending state semantics without rewriting historical extraction
ok 661 - owner meanings close the previously pending state semantics without rewriting historical extraction
  ---
  duration_ms: 5.954424
  type: 'test'
  ...
# Subtest: provenance observation schema carries exact caller-scoped version, lineage, access, and completeness
ok 662 - provenance observation schema carries exact caller-scoped version, lineage, access, and completeness
  ---
  duration_ms: 77.431321
  type: 'test'
  ...
# Subtest: all 448 canonical capability request and result schemas close against exact typed payload/scalar definitions
ok 663 - all 448 canonical capability request and result schemas close against exact typed payload/scalar definitions
  ---
  duration_ms: 28826.541578
  type: 'test'
  ...
# Subtest: all 101 input and 69 output type definitions are material, closed, and reject missing required evidence
ok 664 - all 101 input and 69 output type definitions are material, closed, and reject missing required evidence
  ---
  duration_ms: 1185.508444
  type: 'test'
  ...
# Subtest: rational frame-rate limits use the exact BigInt validator and fail closed
ok 665 - rational frame-rate limits use the exact BigInt validator and fail closed
  ---
  duration_ms: 28.113883
  type: 'test'
  ...
# Subtest: all 14 existing-operation capability bindings resolve to their exact source-owned wire schemas
ok 666 - all 14 existing-operation capability bindings resolve to their exact source-owned wire schemas
  ---
  duration_ms: 2205.28148
  type: 'test'
  ...
# Subtest: STT profile operations define typed, tenant-scoped, versioned Media semantics without runtime admission
ok 667 - STT profile operations define typed, tenant-scoped, versioned Media semantics without runtime admission
  ---
  duration_ms: 285.574105
  type: 'test'
  ...
# Subtest: PDP-1 adjudicates exactly 38 product identities and retains legacy transcription as noncanonical evidence
ok 668 - PDP-1 adjudicates exactly 38 product identities and retains legacy transcription as noncanonical evidence
  ---
  duration_ms: 436.58609
  type: 'test'
  ...
# Subtest: PDP-1 state meanings and transitions preserve all source dimensions, guards, and endpoints
ok 669 - PDP-1 state meanings and transitions preserve all source dimensions, guards, and endpoints
  ---
  duration_ms: 535.701701
  type: 'test'
  ...
# Subtest: all 146 action identities have a source-backed operation or non-operation disposition
ok 670 - all 146 action identities have a source-backed operation or non-operation disposition
  ---
  duration_ms: 22575.313803
  type: 'test'
  ...
# Subtest: P0 exact capability-to-operation decisions resolve only fully classified action slices
ok 671 - P0 exact capability-to-operation decisions resolve only fully classified action slices
  ---
  duration_ms: 26395.600409
  type: 'test'
  ...
# Subtest: P0 defines every capability leaf with exact typed operations, bounds, and honest admission dimensions
ok 672 - P0 defines every capability leaf with exact typed operations, bounds, and honest admission dimensions
  ---
  duration_ms: 24431.534298
  type: 'test'
  ...
# Subtest: P0 assigns every capability leaf explicit channel applicability without treating proposals as admission
ok 673 - P0 assigns every capability leaf explicit channel applicability without treating proposals as admission
  ---
  duration_ms: 9445.324819
  type: 'test'
  ...
# Subtest: P1-08 distinguishes nine durable event definitions from fifteen local notifications
ok 674 - P1-08 distinguishes nine durable event definitions from fifteen local notifications
  ---
  duration_ms: 150.247836
  type: 'test'
  ...
# Subtest: P0-06 enumerates exact capability applicability without inventing a measured population
ok 675 - P0-06 enumerates exact capability applicability without inventing a measured population
  ---
  duration_ms: 23237.235546
  type: 'test'
  ...
# Subtest: P0 capability schemas use closed typed payloads, scalar validators, and the exact flat request envelope
ok 676 - P0 capability schemas use closed typed payloads, scalar validators, and the exact flat request envelope
  ---
  duration_ms: 10579.158205
  type: 'test'
  ...
# Subtest: P0 canonical capability request schemas accept typed inputs and reject malformed or over-posted requests
ok 677 - P0 canonical capability request schemas accept typed inputs and reject malformed or over-posted requests
  ---
  duration_ms: 9521.355829
  type: 'test'
  ...
# Subtest: P1-10 owner boundaries fail closed while leaving enforcement and qualification unclaimed
ok 678 - P1-10 owner boundaries fail closed while leaving enforcement and qualification unclaimed
  ---
  duration_ms: 20.032464
  type: 'test'
  ...
# Subtest: P0 model acquisition and reuse policy separates package licenses from model and asset terms
ok 679 - P0 model acquisition and reuse policy separates package licenses from model and asset terms
  ---
  duration_ms: 23.322209
  type: 'test'
  ...
# Subtest: P0 channel and dependency update semantics define bounded CLI and promotion rules without admission
ok 680 - P0 channel and dependency update semantics define bounded CLI and promotion rules without admission
  ---
  duration_ms: 30.629138
  type: 'test'
  ...
# Subtest: all 55 transition identities bind typed, source-current, explicit edge contracts
ok 681 - all 55 transition identities bind typed, source-current, explicit edge contracts
  ---
  duration_ms: 105.926512
  type: 'test'
  ...
# Subtest: each edge fails when its material positive predicate is missing or false
ok 682 - each edge fails when its material positive predicate is missing or false
  ---
  duration_ms: 197.573358
  type: 'test'
  ...
# Subtest: tenant, compare-and-swap, finality, and consent revocation use concrete fail-closed oracles
ok 683 - tenant, compare-and-swap, finality, and consent revocation use concrete fail-closed oracles
  ---
  duration_ms: 1.262016
  type: 'test'
  ...
# Subtest: competing multi-target outcomes require distinct evidence and contradictory classifications fail
ok 684 - competing multi-target outcomes require distinct evidence and contradictory classifications fail
  ---
  duration_ms: 3.635688
  type: 'test'
  ...
# Subtest: unknown predicates, source drift, and malformed ASTs fail closed without runtime effects
ok 685 - unknown predicates, source drift, and malformed ASTs fail closed without runtime effects
  ---
  duration_ms: 14.268103
  type: 'test'
  ...
# Subtest: three-valued NOT and Boolean nodes never turn unknown or malformed predicates into permission
ok 686 - three-valued NOT and Boolean nodes never turn unknown or malformed predicates into permission
  ---
  duration_ms: 59.313305
  type: 'test'
  ...
# Subtest: ExperienceSpecification required props map exact typed contracts and the three public source interfaces
ok 687 - ExperienceSpecification required props map exact typed contracts and the three public source interfaces
  ---
  duration_ms: 5.66263
  type: 'test'
  ...
# Subtest: canonical Media product-definition authority is structurally closed locally
ok 688 - canonical Media product-definition authority is structurally closed locally
  ---
  duration_ms: 22158.268863
  type: 'test'
  ...
# Subtest: bounded J-01 source bindings fail closed on forged authority, operation, or runtime admission
ok 689 - bounded J-01 source bindings fail closed on forged authority, operation, or runtime admission
  ---
  duration_ms: 23415.720467
  type: 'test'
  ...
# Subtest: bounded J-03 caption-version definitions fail closed on swapped action, operation, decision, or admission
ok 690 - bounded J-03 caption-version definitions fail closed on swapped action, operation, decision, or admission
  ---
  duration_ms: 1887.864446
  type: 'test'
  ...
# Subtest: bounded J-03 caption-draft definitions fail closed on action, operation, clock, undo, or admission drift
ok 691 - bounded J-03 caption-draft definitions fail closed on action, operation, clock, undo, or admission drift
  ---
  duration_ms: 2397.387641
  type: 'test'
  ...
# Subtest: bounded J-03 submission fails closed on wrong operation, a fabricated state edge, or admission
ok 692 - bounded J-03 submission fails closed on wrong operation, a fabricated state edge, or admission
  ---
  duration_ms: 8.70933
  type: 'test'
  ...
# Subtest: bounded J-03 transcript review fails closed on wrong identity, source, operation, or admission
ok 693 - bounded J-03 transcript review fails closed on wrong identity, source, operation, or admission
  ---
  duration_ms: 463.251632
  type: 'test'
  ...
# Subtest: PDP3 screen registry has 47 structurally complete v2 canonical screen proposals
ok 694 - PDP3 screen registry has 47 structurally complete v2 canonical screen proposals
  ---
  duration_ms: 52.243975
  type: 'test'
  ...
# Subtest: acceptance inputs use the four canonical PDP phases and keep Explorer outside the phase ledger
ok 695 - acceptance inputs use the four canonical PDP phases and keep Explorer outside the phase ledger
  ---
  duration_ms: 7.130154
  type: 'test'
  ...
# Subtest: active authority and experience metadata use canonical PDP labels without renaming stable IDs
ok 696 - active authority and experience metadata use canonical PDP labels without renaming stable IDs
  ---
  duration_ms: 125.040983
  type: 'test'
  ...
# Subtest: active cross-phase metadata uses canonical PDP labels while stable exception identities remain intact
ok 697 - active cross-phase metadata uses canonical PDP labels while stable exception identities remain intact
  ---
  duration_ms: 1307.374269
  type: 'test'
  ...
# Subtest: PDP3-005 journey steps are structured, provenance-bound proposals across all 30 contracts
ok 698 - PDP3-005 journey steps are structured, provenance-bound proposals across all 30 contracts
  ---
  duration_ms: 3837.32264
  type: 'test'
  ...
# Subtest: gRPC source inventory status matches the active proto census without changing pending bindings
ok 699 - gRPC source inventory status matches the active proto census without changing pending bindings
  ---
  duration_ms: 36.427818
  type: 'test'
  ...
# Subtest: PDP1 operation proposal preserves source denominators and the complete proposal field shape
ok 700 - PDP1 operation proposal preserves source denominators and the complete proposal field shape
  ---
  duration_ms: 304.398574
  type: 'test'
  ...
# Subtest: active G-05 mirrors match current proposal counts without implying acceptance
ok 701 - active G-05 mirrors match current proposal counts without implying acceptance
  ---
  duration_ms: 1.731214
  type: 'test'
  ...
# Subtest: PDP1 event inventory preserves lifecycle and local-client populations without inventing contracts
ok 702 - PDP1 event inventory preserves lifecycle and local-client populations without inventing contracts
  ---
  duration_ms: 359.878149
  type: 'test'
  ...
# Subtest: PDP1-005 registries preserve observed facts, proposal boundaries, and owner gates
ok 703 - PDP1-005 registries preserve observed facts, proposal boundaries, and owner gates
  ---
  duration_ms: 1.435065
  type: 'test'
  ...
# Subtest: PDP1 state and transition extraction remains proposal-only and preserves unresolved source conflicts
ok 704 - PDP1 state and transition extraction remains proposal-only and preserves unresolved source conflicts
  ---
  duration_ms: 50.058615
  type: 'test'
  ...
# Subtest: PDP-1 negative state cases encode owner-approved non-equivalences without claiming runtime proof
ok 705 - PDP-1 negative state cases encode owner-approved non-equivalences without claiming runtime proof
  ---
  duration_ms: 1.212364
  type: 'test'
  ...
# Subtest: PDP-0 YAML source preserves corrected indentation and symbol-scoped OCR disposition (text checks only)
ok 706 - PDP-0 YAML source preserves corrected indentation and symbol-scoped OCR disposition (text checks only)
  ---
  duration_ms: 5589.273587
  type: 'test'
  ...
# Subtest: scope-status validation never infers compatibility from nearby wording
ok 707 - scope-status validation never infers compatibility from nearby wording
  ---
  duration_ms: 0.992314
  type: 'test'
  ...
# Subtest: nested journey records each require exactly one allowed scopeStatus
ok 708 - nested journey records each require exactly one allowed scopeStatus
  ---
  duration_ms: 0.670104
  type: 'test'
  ...
# Subtest: Explorer index exposes source paths without workstation identity
ok 709 - Explorer index exposes source paths without workstation identity
  ---
  duration_ms: 0.960602
  type: 'test'
  ...
# Subtest: generated Explorer index covers every current source-manifest artifact exactly once
ok 710 - generated Explorer index covers every current source-manifest artifact exactly once
  ---
  duration_ms: 9.198697
  type: 'test'
  ...
# Subtest: HTTP route, SDK, and interface projections retain canonical ownership
ok 711 - HTTP route, SDK, and interface projections retain canonical ownership
  ---
  duration_ms: 305.18326
  type: 'test'
  ...
# Subtest: screen composition records retain Shared-boundary design metadata
ok 712 - screen composition records retain Shared-boundary design metadata
  ---
  duration_ms: 7508.493808
  type: 'test'
  ...
# Subtest: PDP2-002 GUI pattern registry covers every required category without inventing destructive semantics
ok 713 - PDP2-002 GUI pattern registry covers every required category without inventing destructive semantics
  ---
  duration_ms: 2.234326
  type: 'test'
  ...
# Subtest: PDP2-004/005 interface registries are complete proposals with owner and runtime boundaries explicit
ok 714 - PDP2-004/005 interface registries are complete proposals with owner and runtime boundaries explicit
  ---
  duration_ms: 5.738478
  type: 'test'
  ...
# Subtest: ProductDefinition domain rules resolve only the six exact PXD-035 accepted PDP-1 decisions
ok 715 - ProductDefinition domain rules resolve only the six exact PXD-035 accepted PDP-1 decisions
  ---
  duration_ms: 200.930331
  type: 'test'
  ...
# Subtest: rejects a forged PDP-1 source key even when the projection row claims owner acceptance
ok 716 - rejects a forged PDP-1 source key even when the projection row claims owner acceptance
  ---
  duration_ms: 204.201463
  type: 'test'
  ...
# Subtest: rejects stale decision polarity and non-admitted PDP-1 decisions
ok 717 - rejects stale decision polarity and non-admitted PDP-1 decisions
  ---
  duration_ms: 145.348965
  type: 'test'
  ...
# Subtest: rejects an accepted decision key attached to the wrong rule ID
ok 718 - rejects an accepted decision key attached to the wrong rule ID
  ---
  duration_ms: 67.905959
  type: 'test'
  ...
# Subtest: Product Definition local invariant check covers all phase denominators
ok 719 - Product Definition local invariant check covers all phase denominators
  ---
  duration_ms: 1348.018579
  type: 'test'
  ...
# Subtest: missing required screen refs/shapes fail closed
ok 720 - missing required screen refs/shapes fail closed
  ---
  duration_ms: 2536.25642
  type: 'test'
  ...
# Subtest: unresolvable required screen schema reference fails closed
ok 721 - unresolvable required screen schema reference fails closed
  ---
  duration_ms: 1926.946684
  type: 'test'
  ...
# Subtest: unknown screen binding status fails closed
ok 722 - unknown screen binding status fails closed
  ---
  duration_ms: 1702.514296
  type: 'test'
  ...
# Subtest: accepted or complete screen binding statuses are rejected
ok 723 - accepted or complete screen binding statuses are rejected
  ---
  duration_ms: 3487.967914
  type: 'test'
  ...
# Subtest: screen requirement references must equal the direct action-capability crosswalk
ok 724 - screen requirement references must equal the direct action-capability crosswalk
  ---
  duration_ms: 1650.306439
  type: 'test'
  ...
# Subtest: journey step requirement references must equal the direct action-capability crosswalk
ok 725 - journey step requirement references must equal the direct action-capability crosswalk
  ---
  duration_ms: 1765.445261
  type: 'test'
  ...
# Subtest: Media consumer can load, render, inspect, and dispatch through the Tools Explorer API
ok 726 - Media consumer can load, render, inspect, and dispatch through the Tools Explorer API
  ---
  duration_ms: 51.578687
  type: 'test'
  ...
1..726
# tests 726
# suites 0
# pass 726
# fail 0
# cancelled 0
# skipped 0
# todo 0
# duration_ms 344476.146246
