TAP version 13
# Subtest: E-04 fixture and browser-audit byte fingerprints are unchanged
ok 1 - E-04 fixture and browser-audit byte fingerprints are unchanged
  ---
  duration_ms: 1.758025
  type: 'test'
  ...
# Subtest: E-04 drift check detects changed bytes and reports the exact source
ok 2 - E-04 drift check detects changed bytes and reports the exact source
  ---
  duration_ms: 2.239699
  type: 'test'
  ...
# Subtest: E-04 browser-harness pin changes preserve each reviewed semantic delta
ok 3 - E-04 browser-harness pin changes preserve each reviewed semantic delta
  ---
  duration_ms: 10.10243
  type: 'test'
  ...
# Subtest: E-04 retry-fixture source pin changes have bounded semantic review
ok 4 - E-04 retry-fixture source pin changes have bounded semantic review
  ---
  duration_ms: 1.199533
  type: 'test'
  ...
# Subtest: E-04 pin paths resolve to the exact observed source bytes
ok 5 - E-04 pin paths resolve to the exact observed source bytes
  ---
  duration_ms: 3.812632
  type: 'test'
  ...
# Subtest: browser audit retains the six ordered responsive viewport sweeps
ok 6 - browser audit retains the six ordered responsive viewport sweeps
  ---
  duration_ms: 3.091298
  type: 'test'
  ...
# Subtest: report declares requested browser coverage without equating geometry with design quality
ok 7 - report declares requested browser coverage without equating geometry with design quality
  ---
  duration_ms: 0.688494
  type: 'test'
  ...
# Subtest: screen-reader, canonical visual references, and independent review remain explicit unverified gates
ok 8 - screen-reader, canonical visual references, and independent review remain explicit unverified gates
  ---
  duration_ms: 0.415605
  type: 'test'
  ...
# Subtest: text scaling uses the DevTools CSS domain and degrades to an explicit unsupported result
ok 9 - text scaling uses the DevTools CSS domain and degrades to an explicit unsupported result
  ---
  duration_ms: 0.904237
  type: 'test'
  ...
# Subtest: touch audit excludes only disabled or hidden targets and delegates transparent toggles to visible labels
ok 10 - touch audit excludes only disabled or hidden targets and delegates transparent toggles to visible labels
  ---
  duration_ms: 4.826238
  type: 'test'
  ...
# Subtest: Media Product Definition has one declared semantic source across implementation repositories
ok 11 - Media Product Definition has one declared semantic source across implementation repositories
  ---
  duration_ms: 3.887577
  type: 'test'
  ...
# Subtest: Lifecycle admission uses its public package export and the full consumer contract arguments
ok 12 - Lifecycle admission uses its public package export and the full consumer contract arguments
  ---
  duration_ms: 1.52432
  type: 'test'
  ...
# Subtest: technology register distinguishes selection from license and artifact qualification
ok 13 - technology register distinguishes selection from license and artifact qualification
  ---
  duration_ms: 0.688154
  type: 'test'
  ...
# Subtest: tool registry records the exact four handler-observed contracts without implying admission
ok 14 - tool registry records the exact four handler-observed contracts without implying admission
  ---
  duration_ms: 6.238682
  type: 'test'
  ...
# Subtest: all four entries inventory validated inputs while retaining output and operation admission gates
ok 15 - all four entries inventory validated inputs while retaining output and operation admission gates
  ---
  duration_ms: 1.349507
  type: 'test'
  ...
# Subtest: tool registry rejects missing, extra, or duplicate handler entries and missing observed fields
ok 16 - tool registry rejects missing, extra, or duplicate handler entries and missing observed fields
  ---
  duration_ms: 3.7184
  type: 'test'
  ...
# Subtest: each handler input/error source drift is rejected independently
ok 17 - each handler input/error source drift is rejected independently
  ---
  duration_ms: 7.202955
  type: 'test'
  ...
# Subtest: registry distinguishes pre-dispatch local failures from ambiguous post-dispatch outcomes
ok 18 - registry distinguishes pre-dispatch local failures from ambiguous post-dispatch outcomes
  ---
  duration_ms: 1.314031
  type: 'test'
  ...
# Subtest: registry rejects accidental runtime, operation, authority, or finality promotion
ok 19 - registry rejects accidental runtime, operation, authority, or finality promotion
  ---
  duration_ms: 2.749156
  type: 'test'
  ...
# Subtest: runtime source observation does not turn Tools build resolution into Shared owner acceptance
ok 20 - runtime source observation does not turn Tools build resolution into Shared owner acceptance
  ---
  duration_ms: 1.625474
  type: 'test'
  ...
# Subtest: owner-selected operation families remain definition-only until handler bindings and admission are proved
ok 21 - owner-selected operation families remain definition-only until handler bindings and admission are proved
  ---
  duration_ms: 1.063925
  type: 'test'
  ...
# Subtest: adapter input validation and generic unknown outcome support do not admit Media tool execution
ok 22 - adapter input validation and generic unknown outcome support do not admit Media tool execution
  ---
  duration_ms: 0.800384
  type: 'test'
  ...
# Subtest: Media Agent Tool contracts resolve exact canonical source records and stay definition-only
ok 23 - Media Agent Tool contracts resolve exact canonical source records and stay definition-only
  ---
  duration_ms: 13095.757796
  type: 'test'
  ...
# Subtest: contract validator rejects exact-ref substitutions, admitted bindings, missing unknown semantics, and weak success evidence
ok 24 - contract validator rejects exact-ref substitutions, admitted bindings, missing unknown semantics, and weak success evidence
  ---
  duration_ms: 701.609839
  type: 'test'
  ...
# Subtest: input schemas enforce bounds, formats, and decoded byte counts at the exact 20 MiB boundary
ok 25 - input schemas enforce bounds, formats, and decoded byte counts at the exact 20 MiB boundary
  ---
  duration_ms: 1284.213076
  type: 'test'
  ...
# Subtest: host context requires exact object/version/tenant/purpose authority evidence, not opaque resource refs
ok 26 - host context requires exact object/version/tenant/purpose authority evidence, not opaque resource refs
  ---
  duration_ms: 197.014633
  type: 'test'
  ...
# Subtest: pre-dispatch failure, accepted receipt, unknown dispatch, and completion remain distinct
ok 27 - pre-dispatch failure, accepted receipt, unknown dispatch, and completion remain distinct
  ---
  duration_ms: 495.23161
  type: 'test'
  ...
# Subtest: X-05 records typed opaque media inputs without inferring Media execution or provider qualification
ok 28 - X-05 records typed opaque media inputs without inferring Media execution or provider qualification
  ---
  duration_ms: 121.434534
  type: 'test'
  ...
# Subtest: exact upload/artifact/job queries retain owner-scoped authority and actual handler guards
ok 29 - exact upload/artifact/job queries retain owner-scoped authority and actual handler guards
  ---
  duration_ms: 246.508696
  type: 'test'
  ...
# Subtest: family approval cannot bypass per-operation review, context or finality
ok 30 - family approval cannot bypass per-operation review, context or finality
  ---
  duration_ms: 1195.186416
  type: 'test'
  ...
# Subtest: renamed route, missing principal guard and leaked absence each reject the exact source binding
ok 31 - renamed route, missing principal guard and leaked absence each reject the exact source binding
  ---
  duration_ms: 1082.243414
  type: 'test'
  ...
# Subtest: an unreviewed byte change cannot pass the exact current-cut comparison
ok 32 - an unreviewed byte change cannot pass the exact current-cut comparison
  ---
  duration_ms: 67.523123
  type: 'test'
  ...
# Subtest: capability review source pin changes are reconciled to the reviewed goal semantics
ok 33 - capability review source pin changes are reconciled to the reviewed goal semantics
  ---
  duration_ms: 34069.929106
  type: 'test'
  ...
# Subtest: operation source changes reconcile affected leaf links without promoting coverage
ok 34 - operation source changes reconcile affected leaf links without promoting coverage
  ---
  duration_ms: 11891.673241
  type: 'test'
  ...
# Subtest: domain catalog identity changes reconcile to zero capability leaf references
ok 35 - domain catalog identity changes reconcile to zero capability leaf references
  ---
  duration_ms: 103.069554
  type: 'test'
  ...
# Subtest: non-inventoried constitution and actor records are not misrepresented as capability evidence
ok 36 - non-inventoried constitution and actor records are not misrepresented as capability evidence
  ---
  duration_ms: 0.684086
  type: 'test'
  ...
# Subtest: selected action definition source change retains historical pins without promoting capability coverage
ok 37 - selected action definition source change retains historical pins without promoting capability coverage
  ---
  duration_ms: 4.744922
  type: 'test'
  ...
# Subtest: project definition source reconciliations retain exact HEAD history and current pins without capability promotion
ok 38 - project definition source reconciliations retain exact HEAD history and current pins without capability promotion
  ---
  duration_ms: 1.933248
  type: 'test'
  ...
# Subtest: caption-version definition source reconciliations chain from J-01 history without promoting leaves
ok 39 - caption-version definition source reconciliations chain from J-01 history without promoting leaves
  ---
  duration_ms: 2.086295
  type: 'test'
  ...
# Subtest: transcript-version source reconciliations chain from caption pins without promoting capability coverage
ok 40 - transcript-version source reconciliations chain from caption pins without promoting capability coverage
  ---
  duration_ms: 59.084734
  type: 'test'
  ...
# Subtest: caption-draft source reconciliations chain from transcript pins without changing capability coverage
ok 41 - caption-draft source reconciliations chain from transcript pins without changing capability coverage
  ---
  duration_ms: 2.054491
  type: 'test'
  ...
# Subtest: transcription-submission definition reconciliation extends the draft chain without admitting coverage
ok 42 - transcription-submission definition reconciliation extends the draft chain without admitting coverage
  ---
  duration_ms: 54.761371
  type: 'test'
  ...
# Subtest: caption capabilities bind exact existing registration and comparison source identities
ok 43 - caption capabilities bind exact existing registration and comparison source identities
  ---
  duration_ms: 3.817543
  type: 'test'
  ...
# Subtest: caption definitions reject swapped scope, stale pointers and invented admission
ok 44 - caption definitions reject swapped scope, stale pointers and invented admission
  ---
  duration_ms: 2190.359391
  type: 'test'
  ...
# Subtest: internal provenance metadata and declared clocks cannot admit export or scientific quality
ok 45 - internal provenance metadata and declared clocks cannot admit export or scientific quality
  ---
  duration_ms: 338.173621
  type: 'test'
  ...
# Subtest: two existing draft actions bind one local derivation slice while forced alignment stays distinct
ok 46 - two existing draft actions bind one local derivation slice while forced alignment stays distinct
  ---
  duration_ms: 4.176277
  type: 'test'
  ...
# Subtest: draft slice rejects stale source bindings and promoted persistence or alignment admission
ok 47 - draft slice rejects stale source bindings and promoted persistence or alignment admission
  ---
  duration_ms: 2068.488898
  type: 'test'
  ...
# Subtest: manual user ticks cannot qualify a forced-alignment operation or immutable registration
ok 48 - manual user ticks cannot qualify a forced-alignment operation or immutable registration
  ---
  duration_ms: 2075.335947
  type: 'test'
  ...
# Subtest: J03 steps 5 and 6 bind only the two existing caption-draft edit branches
ok 49 - J03 steps 5 and 6 bind only the two existing caption-draft edit branches
  ---
  duration_ms: 3.088894
  type: 'test'
  ...
# Subtest: draft operation, PDP2 grammar, and experience steps agree on CAS, exact lineage, and clock guards
ok 50 - draft operation, PDP2 grammar, and experience steps agree on CAS, exact lineage, and clock guards
  ---
  duration_ms: 0.50731
  type: 'test'
  ...
# Subtest: action and screen definitions keep conditional local undo out of public reversible booleans
ok 51 - action and screen definitions keep conditional local undo out of public reversible booleans
  ---
  duration_ms: 0.383475
  type: 'test'
  ...
# Subtest: selected source bindings preserve same-draft recovery and do not admit remote or canonical effects
ok 52 - selected source bindings preserve same-draft recovery and do not admit remote or canonical effects
  ---
  duration_ms: 0.720302
  type: 'test'
  ...
# Subtest: negative mutations cannot broaden timing, undo, or effect scope
ok 53 - negative mutations cannot broaden timing, undo, or effect scope
  ---
  duration_ms: 8.61126
  type: 'test'
  ...
# Subtest: J03-4 transcript read hands only exact identity into guarded host-local draft preparation
ok 54 - J03-4 transcript read hands only exact identity into guarded host-local draft preparation
  ---
  duration_ms: 3.151864
  type: 'test'
  ...
# Subtest: editor screen accepts only the same guarded prepared value and preserves pending screen admission
ok 55 - editor screen accepts only the same guarded prepared value and preserves pending screen admission
  ---
  duration_ms: 0.422227
  type: 'test'
  ...
# Subtest: draft result preserves PDP-1 segment timing union and MIXED aggregate without promotion
ok 56 - draft result preserves PDP-1 segment timing union and MIXED aggregate without promotion
  ---
  duration_ms: 0.577998
  type: 'test'
  ...
# Subtest: negative source mutations reject guessed identity, wrong parent, generated segmentation, and false runtime admission
ok 57 - negative source mutations reject guessed identity, wrong parent, generated segmentation, and false runtime admission
  ---
  duration_ms: 0.616327
  type: 'test'
  ...
# Subtest: host handoff does not grow journey, step, or action populations
ok 58 - host handoff does not grow journey, step, or action populations
  ---
  duration_ms: 2.930518
  type: 'test'
  ...
# Subtest: J-03 caption draft grammar cross-checks exact existing actions, operation, request branches and output fields
ok 59 - J-03 caption draft grammar cross-checks exact existing actions, operation, request branches and output fields
  ---
  duration_ms: 13658.674387
  type: 'test'
  ...
# Subtest: caption draft grammar rejects operation/action swaps, implicit clock use, commit promotion, and unconditional undo
ok 60 - caption draft grammar rejects operation/action swaps, implicit clock use, commit promotion, and unconditional undo
  ---
  duration_ms: 13482.808709
  type: 'test'
  ...
# Subtest: caption draft grammar makes no production transport or provider-equivalence claims
ok 61 - caption draft grammar makes no production transport or provider-equivalence claims
  ---
  duration_ms: 27.725471
  type: 'test'
  ...
# Subtest: caption draft edit definition
ok 62 - caption draft edit definition
  ---
  duration_ms: 4659.325103
  type: 'test'
  ...
# Subtest: caption draft source observations remain synthetic and do not claim a correction provider
ok 63 - caption draft source observations remain synthetic and do not claim a correction provider
  ---
  duration_ms: 0.502583
  type: 'test'
  ...
# Subtest: J-03 binds only existing save and exact-pair compare operations, preserving the global experience population
ok 64 - J-03 binds only existing save and exact-pair compare operations, preserving the global experience population
  ---
  duration_ms: 1794.591378
  type: 'test'
  ...
# Subtest: J-03 source bindings reject swapped lineage, unsafe request replay, promoted runtime, and provenance export
ok 65 - J-03 source bindings reject swapped lineage, unsafe request replay, promoted runtime, and provenance export
  ---
  duration_ms: 23.312631
  type: 'test'
  ...
# Subtest: PXD-060 projects only the exact immutable-registration effect and rejects forged action, operation, grammar, source, or admission
ok 66 - PXD-060 projects only the exact immutable-registration effect and rejects forged action, operation, grammar, source, or admission
  ---
  duration_ms: 77.673202
  type: 'test'
  ...
# Subtest: J-03 caption save and comparison grammar binds exact existing operations and remains definition-only
ok 67 - J-03 caption save and comparison grammar binds exact existing operations and remains definition-only
  ---
  duration_ms: 14368.102904
  type: 'test'
  ...
# Subtest: caption grammar rejects runtime promotion, new transport identities, and unsafe write recovery
ok 68 - caption grammar rejects runtime promotion, new transport identities, and unsafe write recovery
  ---
  duration_ms: 12267.137956
  type: 'test'
  ...
# Subtest: caption grammar keeps fixture CLI distinct and makes no unsupported interface claims
ok 69 - caption grammar keeps fixture CLI distinct and makes no unsupported interface claims
  ---
  duration_ms: 40.353655
  type: 'test'
  ...
# Subtest: caption version registration definition
ok 70 - caption version registration definition
  ---
  duration_ms: 2548.849055
  type: 'test'
  ...
# Subtest: caption version comparison definition
ok 71 - caption version comparison definition
  ---
  duration_ms: 2050.246565
  type: 'test'
  ...
# Subtest: J-03 steps 7 and 8 bind the existing operations and preserve source observations as synthetic only
ok 72 - J-03 steps 7 and 8 bind the existing operations and preserve source observations as synthetic only
  ---
  duration_ms: 161.162514
  type: 'test'
  ...
# Subtest: caption save and compare operations bind only exact source-supported UI and CLI identities
ok 73 - caption save and compare operations bind only exact source-supported UI and CLI identities
  ---
  duration_ms: 269.43205
  type: 'test'
  ...
# Subtest: source parity rejects missing operation, wrong CLI crosswalk, and missing required version input
ok 74 - source parity rejects missing operation, wrong CLI crosswalk, and missing required version input
  ---
  duration_ms: 491.315929
  type: 'test'
  ...
# Subtest: source parity rejects mismatched command/action dispatch and stale error semantics
ok 75 - source parity rejects mismatched command/action dispatch and stale error semantics
  ---
  duration_ms: 409.241556
  type: 'test'
  ...
# Subtest: source parity rejects fixture-namespace and unsupported SDK/transport promotion
ok 76 - source parity rejects fixture-namespace and unsupported SDK/transport promotion
  ---
  duration_ms: 748.468046
  type: 'test'
  ...
# Subtest: one installed CLI identity maps to the accepted scoped artifact query without merging fixture populations
ok 77 - one installed CLI identity maps to the accepted scoped artifact query without merging fixture populations
  ---
  duration_ms: 14224.155863
  type: 'test'
  ...
# Subtest: source crosswalk rejects claims that the fixture CLI is production or that unrelated identities are resolved
ok 78 - source crosswalk rejects claims that the fixture CLI is production or that unrelated identities are resolved
  ---
  duration_ms: 5.023265
  type: 'test'
  ...
# Subtest: compatibility ledger preserves canonical-source and unverified-cutover boundary
ok 79 - compatibility ledger preserves canonical-source and unverified-cutover boundary
  ---
  duration_ms: 2.98124
  type: 'test'
  ...
# Subtest: ledger records every observed local Gradle and Docker compatibility path
ok 80 - ledger records every observed local Gradle and Docker compatibility path
  ---
  duration_ms: 2.939752
  type: 'test'
  ...
# Subtest: quarantined obsolete workflow paths remain explicitly inactive observations
ok 81 - quarantined obsolete workflow paths remain explicitly inactive observations
  ---
  duration_ms: 0.929512
  type: 'test'
  ...
# Subtest: local consumer evidence and external gates cannot silently disappear
ok 82 - local consumer evidence and external gates cannot silently disappear
  ---
  duration_ms: 6.70279
  type: 'test'
  ...
# Subtest: reuse audit completeness counts derive from the component contract source
ok 83 - reuse audit completeness counts derive from the component contract source
  ---
  duration_ms: 10.806141
  type: 'test'
  ...
# Subtest: all 31 existing definitions retain exact role, anatomy, interaction and accessibility ownership
ok 84 - all 31 existing definitions retain exact role, anatomy, interaction and accessibility ownership
  ---
  duration_ms: 104.538696
  type: 'test'
  ...
# Subtest: missing, duplicate, stale and unknown component definitions fail without reducing the population
ok 85 - missing, duplicate, stale and unknown component definitions fail without reducing the population
  ---
  duration_ms: 349.786186
  type: 'test'
  ...
# Subtest: definition classification cannot impersonate implementation or independent acceptance
ok 86 - definition classification cannot impersonate implementation or independent acceptance
  ---
  duration_ms: 191.63557
  type: 'test'
  ...
# Subtest: public contracts require exact export and prop sources; contract-only records cannot invent props
ok 87 - public contracts require exact export and prop sources; contract-only records cannot invent props
  ---
  duration_ms: 157.693339
  type: 'test'
  ...
# Subtest: component definition proof: media.component.identity-context-boundary
ok 88 - component definition proof: media.component.identity-context-boundary
  ---
  duration_ms: 312.043193
  type: 'test'
  ...
# Subtest: component definition proof: media.component.intent-launcher
ok 89 - component definition proof: media.component.intent-launcher
  ---
  duration_ms: 191.75296
  type: 'test'
  ...
# Subtest: component definition proof: media.component.project-browser
ok 90 - component definition proof: media.component.project-browser
  ---
  duration_ms: 196.475816
  type: 'test'
  ...
# Subtest: component definition proof: media.component.project-context-summary
ok 91 - component definition proof: media.component.project-context-summary
  ---
  duration_ms: 195.632733
  type: 'test'
  ...
# Subtest: component definition proof: media.component.creation-plan-summary
ok 92 - component definition proof: media.component.creation-plan-summary
  ---
  duration_ms: 190.894374
  type: 'test'
  ...
# Subtest: component definition proof: media.component.source-picker
ok 93 - component definition proof: media.component.source-picker
  ---
  duration_ms: 224.049139
  type: 'test'
  ...
# Subtest: component definition proof: media.component.source-player
ok 94 - component definition proof: media.component.source-player
  ---
  duration_ms: 197.997539
  type: 'test'
  ...
# Subtest: component definition proof: media.component.transcript-review
ok 95 - component definition proof: media.component.transcript-review
  ---
  duration_ms: 194.809763
  type: 'test'
  ...
# Subtest: component definition proof: media.component.caption-track-editor
ok 96 - component definition proof: media.component.caption-track-editor
  ---
  duration_ms: 227.46844
  type: 'test'
  ...
# Subtest: component definition proof: media.component.job-status-card
ok 97 - component definition proof: media.component.job-status-card
  ---
  duration_ms: 216.211949
  type: 'test'
  ...
# Subtest: component definition proof: media.component.provenance-summary
ok 98 - component definition proof: media.component.provenance-summary
  ---
  duration_ms: 214.801641
  type: 'test'
  ...
# Subtest: component definition proof: media.component.artifact-source-picker
ok 99 - component definition proof: media.component.artifact-source-picker
  ---
  duration_ms: 205.224517
  type: 'test'
  ...
# Subtest: component definition proof: media.component.artifact-transfer-status
ok 100 - component definition proof: media.component.artifact-transfer-status
  ---
  duration_ms: 208.876023
  type: 'test'
  ...
# Subtest: component definition proof: media.component.artifact-integrity-summary
ok 101 - component definition proof: media.component.artifact-integrity-summary
  ---
  duration_ms: 218.491287
  type: 'test'
  ...
# Subtest: component definition proof: media.component.artifact-browser
ok 102 - component definition proof: media.component.artifact-browser
  ---
  duration_ms: 256.389519
  type: 'test'
  ...
# Subtest: component definition proof: media.component.waveform-spectrogram
ok 103 - component definition proof: media.component.waveform-spectrogram
  ---
  duration_ms: 233.507181
  type: 'test'
  ...
# Subtest: component definition proof: media.component.storyboard
ok 104 - component definition proof: media.component.storyboard
  ---
  duration_ms: 222.748875
  type: 'test'
  ...
# Subtest: component definition proof: media.component.timeline-keyframe-editor
ok 105 - component definition proof: media.component.timeline-keyframe-editor
  ---
  duration_ms: 221.035858
  type: 'test'
  ...
# Subtest: component definition proof: media.component.audio-mixer
ok 106 - component definition proof: media.component.audio-mixer
  ---
  duration_ms: 173.880994
  type: 'test'
  ...
# Subtest: component definition proof: media.component.mask-tracking-editor
ok 107 - component definition proof: media.component.mask-tracking-editor
  ---
  duration_ms: 205.17813
  type: 'test'
  ...
# Subtest: component definition proof: media.component.scene-inspector
ok 108 - component definition proof: media.component.scene-inspector
  ---
  duration_ms: 201.841029
  type: 'test'
  ...
# Subtest: component definition proof: media.component.simulation-instruments
ok 109 - component definition proof: media.component.simulation-instruments
  ---
  duration_ms: 179.342972
  type: 'test'
  ...
# Subtest: component definition proof: media.component.result-comparison
ok 110 - component definition proof: media.component.result-comparison
  ---
  duration_ms: 208.997435
  type: 'test'
  ...
# Subtest: component definition proof: media.component.quality-inspector
ok 111 - component definition proof: media.component.quality-inspector
  ---
  duration_ms: 203.46341
  type: 'test'
  ...
# Subtest: component definition proof: media.component.delivery-profile-picker
ok 112 - component definition proof: media.component.delivery-profile-picker
  ---
  duration_ms: 190.553622
  type: 'test'
  ...
# Subtest: component definition proof: media.component.rights-retention-review
ok 113 - component definition proof: media.component.rights-retention-review
  ---
  duration_ms: 250.733186
  type: 'test'
  ...
# Subtest: component definition proof: media.component.activity-recovery-feed
ok 114 - component definition proof: media.component.activity-recovery-feed
  ---
  duration_ms: 182.431472
  type: 'test'
  ...
# Subtest: component definition proof: media.component.progress-indicator
ok 115 - component definition proof: media.component.progress-indicator
  ---
  duration_ms: 168.156351
  type: 'test'
  ...
# Subtest: component definition proof: media.component.task-flow
ok 116 - component definition proof: media.component.task-flow
  ---
  duration_ms: 184.639031
  type: 'test'
  ...
# Subtest: component definition proof: media.component.voice-production-workflow
ok 117 - component definition proof: media.component.voice-production-workflow
  ---
  duration_ms: 192.832527
  type: 'test'
  ...
# Subtest: component definition proof: media.component.cli-output
ok 118 - component definition proof: media.component.cli-output
  ---
  duration_ms: 217.519122
  type: 'test'
  ...
# Subtest: typed contract catalog validation rejects missing, duplicate, stale, and non-admitted operation bindings
ok 119 - typed contract catalog validation rejects missing, duplicate, stale, and non-admitted operation bindings
  ---
  duration_ms: 208.097637
  type: 'test'
  ...
# Subtest: preserves matching OpenAPI/runtime/PDP-3 route identity while reporting semantic proposals non-green
ok 120 - preserves matching OpenAPI/runtime/PDP-3 route identity while reporting semantic proposals non-green
  ---
  duration_ms: 3.91692
  type: 'test'
  ...
# Subtest: records four exact Media operation candidates while keeping handler parity and runtime admission open
ok 121 - records four exact Media operation candidates while keeping handler parity and runtime admission open
  ---
  duration_ms: 241.995801
  type: 'test'
  ...
# Subtest: detects HTTP route or operation identity drift
ok 122 - detects HTTP route or operation identity drift
  ---
  duration_ms: 1.144173
  type: 'test'
  ...
# Subtest: rejects SDK client path divergence from the runtime routes
ok 123 - rejects SDK client path divergence from the runtime routes
  ---
  duration_ms: 2.260532
  type: 'test'
  ...
# Subtest: source-dispositioned legacy paths reconcile individually without becoming OpenAPI bindings
ok 124 - source-dispositioned legacy paths reconcile individually without becoming OpenAPI bindings
  ---
  duration_ms: 1.402465
  type: 'test'
  ...
# Subtest: four SDK identities without OpenAPI routes have explicit NOT_ADMITTED parity dispositions
ok 125 - four SDK identities without OpenAPI routes have explicit NOT_ADMITTED parity dispositions
  ---
  duration_ms: 4.953812
  type: 'test'
  ...
# Subtest: binds the exact existing upload-session SDK read to the individually approved inspect-upload query only
ok 126 - binds the exact existing upload-session SDK read to the individually approved inspect-upload query only
  ---
  duration_ms: 3.897536
  type: 'test'
  ...
# Subtest: maps each existing SDK upload command only to its exact method, active route, operation ID, and bounded decision
ok 127 - maps each existing SDK upload command only to its exact method, active route, operation ID, and bounded decision
  ---
  duration_ms: 7.2277
  type: 'test'
  ...
# Subtest: reports stale route dispositions instead of silently changing the parity denominator
ok 128 - reports stale route dispositions instead of silently changing the parity denominator
  ---
  duration_ms: 1.10447
  type: 'test'
  ...
# Subtest: reconciles the SDK registry-method count warning only when all source call sites parsed
ok 129 - reconciles the SDK registry-method count warning only when all source call sites parsed
  ---
  duration_ms: 1.008911
  type: 'test'
  ...
# Subtest: rejects an SDK HTTP method mismatch even when the normalized path matches
ok 130 - rejects an SDK HTTP method mismatch even when the normalized path matches
  ---
  duration_ms: 0.485561
  type: 'test'
  ...
# Subtest: normalizes SDK path parameters before comparing method and route
ok 131 - normalizes SDK path parameters before comparing method and route
  ---
  duration_ms: 0.445102
  type: 'test'
  ...
# Subtest: extracts explicit verbs from request, fetch, submit, and facade call sites
ok 132 - extracts explicit verbs from request, fetch, submit, and facade call sites
  ---
  duration_ms: 0.700593
  type: 'test'
  ...
# Subtest: SDK registry method extraction excludes control tokens and built-in calls but retains public methods
ok 133 - SDK registry method extraction excludes control tokens and built-in calls but retains public methods
  ---
  duration_ms: 1.809517
  type: 'test'
  ...
# Subtest: SDK source discovery includes a third recursively discovered public class source
ok 134 - SDK source discovery includes a third recursively discovered public class source
  ---
  duration_ms: 3.823004
  type: 'test'
  ...
# Subtest: typed UI action dispositions reconcile current and historical action identity snapshots
ok 135 - typed UI action dispositions reconcile current and historical action identity snapshots
  ---
  duration_ms: 81.44472
  type: 'test'
  ...
# Subtest: the two UI action binding views reconcile exact PDP-1 refs and preserve every other action unresolved
ok 136 - the two UI action binding views reconcile exact PDP-1 refs and preserve every other action unresolved
  ---
  duration_ms: 79.344186
  type: 'test'
  ...
# Subtest: reports an unparsed HTTP method instead of silently passing the route
ok 137 - reports an unparsed HTTP method instead of silently passing the route
  ---
  duration_ms: 0.516505
  type: 'test'
  ...
# Subtest: compares protobuf RPC identities with the gRPC registry
ok 138 - compares protobuf RPC identities with the gRPC registry
  ---
  duration_ms: 0.395191
  type: 'test'
  ...
# Subtest: semantic candidates never contradict the HTTP and gRPC typed role dispositions
ok 139 - semantic candidates never contradict the HTTP and gRPC typed role dispositions
  ---
  duration_ms: 104.730007
  type: 'test'
  ...
# Subtest: changing global operation scope to accepted cannot bypass exact record review
ok 140 - changing global operation scope to accepted cannot bypass exact record review
  ---
  duration_ms: 0.549871
  type: 'test'
  ...
# Subtest: retired unsafe retry remains in historical finding census only while source proves no dispatch
ok 141 - retired unsafe retry remains in historical finding census only while source proves no dispatch
  ---
  duration_ms: 2.579333
  type: 'test'
  ...
# Subtest: live source finding census keeps unresolved owner gaps and retired routes explicit
ok 142 - live source finding census keeps unresolved owner gaps and retired routes explicit
  ---
  duration_ms: 136.850055
  type: 'test'
  ...
# Subtest: dependency inventory preserves current source denominators and lock membership
ok 143 - dependency inventory preserves current source denominators and lock membership
  ---
  duration_ms: 1101.580184
  type: 'test'
  ...
# Subtest: source pins cover the exact manifests, locks, policy authorities, and asset inputs
ok 144 - source pins cover the exact manifests, locks, policy authorities, and asset inputs
  ---
  duration_ms: 630.047165
  type: 'test'
  ...
# Subtest: nine responsive reference PNGs are pinned as local test evidence, not licensed runtime assets
ok 145 - nine responsive reference PNGs are pinned as local test evidence, not licensed runtime assets
  ---
  duration_ms: 370.785915
  type: 'test'
  ...
# Subtest: the inventory keeps legal, transitive, codec, model, and font states unresolved
ok 146 - the inventory keeps legal, transitive, codec, model, and font states unresolved
  ---
  duration_ms: 297.627003
  type: 'test'
  ...
# Subtest: denominator shrink is a hard regression
ok 147 - denominator shrink is a hard regression
  ---
  duration_ms: 313.731232
  type: 'test'
  ...
# Subtest: technical descriptors require all slots while unknown metadata cannot satisfy a profile
ok 148 - technical descriptors require all slots while unknown metadata cannot satisfy a profile
  ---
  duration_ms: 279.107249
  type: 'test'
  ...
# Subtest: audio metadata separates sample truth, encoder delay and output-specific profiles
ok 149 - audio metadata separates sample truth, encoder delay and output-specific profiles
  ---
  duration_ms: 145.665742
  type: 'test'
  ...
# Subtest: VFR mapping preserves exact presentation/decode times and never guesses duration from rate
ok 150 - VFR mapping preserves exact presentation/decode times and never guesses duration from rate
  ---
  duration_ms: 1.61621
  type: 'test'
  ...
# Subtest: display aspect includes pixel aspect and rejects unsupported preservation or unknown permission
ok 151 - display aspect includes pixel aspect and rejects unsupported preservation or unknown permission
  ---
  duration_ms: 0.793391
  type: 'test'
  ...
# Subtest: simulation and replay contracts cannot equate scene appearance with physics or scientific qualification
ok 152 - simulation and replay contracts cannot equate scene appearance with physics or scientific qualification
  ---
  duration_ms: 390.255356
  type: 'test'
  ...
# Subtest: clean semantic CSS does not close external, independent, or incomplete source gates
ok 153 - clean semantic CSS does not close external, independent, or incomplete source gates
  ---
  duration_ms: 37.451814
  type: 'test'
  ...
# Subtest: literal colors are reported and fail closed
ok 154 - literal colors are reported and fail closed
  ---
  duration_ms: 8.967307
  type: 'test'
  ...
# Subtest: literal colors in custom properties are reported and remain unexplained without the explicit exception
ok 155 - literal colors in custom properties are reported and remain unexplained without the explicit exception
  ---
  duration_ms: 7.681278
  type: 'test'
  ...
# Subtest: unknown token provenance fails
ok 156 - unknown token provenance fails
  ---
  duration_ms: 9.773237
  type: 'test'
  ...
# Subtest: unregistered local component implementation fails
ok 157 - unregistered local component implementation fails
  ---
  duration_ms: 13.86125
  type: 'test'
  ...
# Subtest: missing template and layout bindings fail
ok 158 - missing template and layout bindings fail
  ---
  duration_ms: 6.521705
  type: 'test'
  ...
# Subtest: unknown semantic state styling and one-off interaction fail
ok 159 - unknown semantic state styling and one-off interaction fail
  ---
  duration_ms: 6.594078
  type: 'test'
  ...
# Subtest: Explorer CSS remains visible as fixture-only and does not become product authority
ok 160 - Explorer CSS remains visible as fixture-only and does not become product authority
  ---
  duration_ms: 8.696494
  type: 'test'
  ...
# Subtest: repository keeps owner-gated blockers separate from source findings
ok 161 - repository keeps owner-gated blockers separate from source findings
  ---
  duration_ms: 5667.719339
  type: 'test'
  ...
# Subtest: style authority must reference actual canonical Media alias and component sources
ok 162 - style authority must reference actual canonical Media alias and component sources
  ---
  duration_ms: 12.93052
  type: 'test'
  ...
# Subtest: a stale Shared package approval status fails against the canonical gate record
ok 163 - a stale Shared package approval status fails against the canonical gate record
  ---
  duration_ms: 6.10907
  type: 'test'
  ...
# Subtest: component binding source status must match its canonical source-incomplete gate
ok 164 - component binding source status must match its canonical source-incomplete gate
  ---
  duration_ms: 5.465341
  type: 'test'
  ...
# Subtest: Shared success cannot impersonate independent PDP-2 review
ok 165 - Shared success cannot impersonate independent PDP-2 review
  ---
  duration_ms: 5.242479
  type: 'test'
  ...
# Subtest: canonical governance rejects duplicate gate approvals and stale or unknown approval states
ok 166 - canonical governance rejects duplicate gate approvals and stale or unknown approval states
  ---
  duration_ms: 7.308465
  type: 'test'
  ...
# Subtest: a source and registry cannot jointly promote the external Shared gate to local VERIFIED
ok 167 - a source and registry cannot jointly promote the external Shared gate to local VERIFIED
  ---
  duration_ms: 5.395588
  type: 'test'
  ...
# Subtest: X-04 crosswalk is bounded by the observed worker v1 client and Media OCR boundary
ok 168 - X-04 crosswalk is bounded by the observed worker v1 client and Media OCR boundary
  ---
  duration_ms: 2.303227
  type: 'test'
  ...
# Subtest: PDP-1 canonical references resolve only to catalogued domain objects
ok 169 - PDP-1 canonical references resolve only to catalogued domain objects
  ---
  duration_ms: 324.25886
  type: 'test'
  ...
# Subtest: PDP-1 overview reports exact registry count and separates bounded definitions from observed materialization
ok 170 - PDP-1 overview reports exact registry count and separates bounded definitions from observed materialization
  ---
  duration_ms: 371.560676
  type: 'test'
  ...
# Subtest: PDP-1 object source references resolve to files and PDP-0 anchors resolve to named records
ok 171 - PDP-1 object source references resolve to files and PDP-0 anchors resolve to named records
  ---
  duration_ms: 189.382137
  type: 'test'
  ...
# Subtest: caption version has bounded immutable domain semantics while the simulation shape remains synthetic
ok 172 - caption version has bounded immutable domain semantics while the simulation shape remains synthetic
  ---
  duration_ms: 6.098349
  type: 'test'
  ...
# Subtest: artifact, job, and lease identities preserve the source-specific keys without promoting them
ok 173 - artifact, job, and lease identities preserve the source-specific keys without promoting them
  ---
  duration_ms: 2.12718
  type: 'test'
  ...
# Subtest: PDP-1 observes the current Media runtime job enum without accepting a canonical mapping
ok 174 - PDP-1 observes the current Media runtime job enum without accepting a canonical mapping
  ---
  duration_ms: 91.666316
  type: 'test'
  ...
# Subtest: event registry binds exact runtime and client source populations while preserving unproven guarantees
ok 175 - event registry binds exact runtime and client source populations while preserving unproven guarantees
  ---
  duration_ms: 11.603646
  type: 'test'
  ...
# Subtest: client event source refresh proves notification method bytes unchanged
ok 176 - client event source refresh proves notification method bytes unchanged
  ---
  duration_ms: 2.768176
  type: 'test'
  ...
# Subtest: event source parity rejects missing, stale, or duplicated runtime identities
ok 177 - event source parity rejects missing, stale, or duplicated runtime identities
  ---
  duration_ms: 9.85308
  type: 'test'
  ...
# Subtest: source crosswalk rejects missing, stale, or duplicate event and publisher identities
ok 178 - source crosswalk rejects missing, stale, or duplicate event and publisher identities
  ---
  duration_ms: 26.245574
  type: 'test'
  ...
# Subtest: event source parity rejects local/runtime population collapse and unsupported delivery promotion
ok 179 - event source parity rejects local/runtime population collapse and unsupported delivery promotion
  ---
  duration_ms: 9.65766
  type: 'test'
  ...
# Subtest: typed definition projection emits only exact unconditional effects, finality and manual recovery
ok 180 - typed definition projection emits only exact unconditional effects, finality and manual recovery
  ---
  duration_ms: 4.26466
  type: 'test'
  ...
# Subtest: conditional and unknown reversibility cannot be narrowed to public booleans
ok 181 - conditional and unknown reversibility cannot be narrowed to public booleans
  ---
  duration_ms: 3.064579
  type: 'test'
  ...
# Subtest: wrong owner, invented runtime admission, shape drift, duplicate IDs and boolean meaning fail closed
ok 182 - wrong owner, invented runtime admission, shape drift, duplicate IDs and boolean meaning fail closed
  ---
  duration_ms: 1.922258
  type: 'test'
  ...
# Subtest: manual recovery rejects automatic replay, source identity drift and forged admission
ok 183 - manual recovery rejects automatic replay, source identity drift and forged admission
  ---
  duration_ms: 1.058006
  type: 'test'
  ...
# Subtest: PDP-3 views project exact component, journey, and Media-local observation state refs
ok 184 - PDP-3 views project exact component, journey, and Media-local observation state refs
  ---
  duration_ms: 438.83688
  type: 'test'
  ...
# Subtest: PDP-3 public resolver rejects a view journey ref after its projected journey target is removed
ok 185 - PDP-3 public resolver rejects a view journey ref after its projected journey target is removed
  ---
  duration_ms: 30.581654
  type: 'test'
  ...
# Subtest: PDP-3 journeys project source-grounded actor, outcome, intent, view, and step identity with unresolved transition metadata
ok 186 - PDP-3 journeys project source-grounded actor, outcome, intent, view, and step identity with unresolved transition metadata
  ---
  duration_ms: 1675.155838
  type: 'test'
  ...
# Subtest: PDP-3 interactions inherit preconditions from their exact referenced action source
ok 187 - PDP-3 interactions inherit preconditions from their exact referenced action source
  ---
  duration_ms: 1.143534
  type: 'test'
  ...
# Subtest: PDP-3 report retains only genuinely unresolved specification mappings
ok 188 - PDP-3 report retains only genuinely unresolved specification mappings
  ---
  duration_ms: 7902.744519
  type: 'test'
  ...
# Subtest: PDP-3 finality candidates preserve exact approved membership and enum dispositions
ok 189 - PDP-3 finality candidates preserve exact approved membership and enum dispositions
  ---
  duration_ms: 5.240013
  type: 'test'
  ...
# Subtest: PDP-3 action/effect candidate projection preserves original census, reviewed records, and Shared exclusions
ok 190 - PDP-3 action/effect candidate projection preserves original census, reviewed records, and Shared exclusions
  ---
  duration_ms: 2.981118
  type: 'test'
  ...
# Subtest: PDP-3 scenarios and fixture descriptors require exact state, journey, and simulation-source links
ok 191 - PDP-3 scenarios and fixture descriptors require exact state, journey, and simulation-source links
  ---
  duration_ms: 1716.106036
  type: 'test'
  ...
# Subtest: PDP-3 recovery links reject stale and duplicate action or scenario references
ok 192 - PDP-3 recovery links reject stale and duplicate action or scenario references
  ---
  duration_ms: 11.318227
  type: 'test'
  ...
# Subtest: Specification search includes the canonical artifact ID used by trace metadata
ok 193 - Specification search includes the canonical artifact ID used by trace metadata
  ---
  duration_ms: 2.038331
  type: 'test'
  ...
# Subtest: initial Specification rendering exposes cross-phase search results and counts
ok 194 - initial Specification rendering exposes cross-phase search results and counts
  ---
  duration_ms: 0.285589
  type: 'test'
  ...
# Subtest: typing updates cross-phase Specification results, counts, and accessible navigation label
ok 195 - typing updates cross-phase Specification results, counts, and accessible navigation label
  ---
  duration_ms: 0.410549
  type: 'test'
  ...
# Subtest: relocating an artifact changes its location but not its canonical identity
ok 196 - relocating an artifact changes its location but not its canonical identity
  ---
  duration_ms: 4.121104
  type: 'test'
  ...
# Subtest: Explorer classification follows manifest authority metadata, not the phase
ok 197 - Explorer classification follows manifest authority metadata, not the phase
  ---
  duration_ms: 0.354079
  type: 'test'
  ...
# Subtest: missing manifest authority remains unresolved instead of being inferred
ok 198 - missing manifest authority remains unresolved instead of being inferred
  ---
  duration_ms: 0.38826
  type: 'test'
  ...
# Subtest: a relocated source retains its explicitly pinned identity
ok 199 - a relocated source retains its explicitly pinned identity
  ---
  duration_ms: 0.578806
  type: 'test'
  ...
# Subtest: identity coverage rejects missing records and duplicate paths or IDs
ok 200 - identity coverage rejects missing records and duplicate paths or IDs
  ---
  duration_ms: 1.07338
  type: 'test'
  ...
# Subtest: registry rejects authority classes outside its allowed vocabulary
ok 201 - registry rejects authority classes outside its allowed vocabulary
  ---
  duration_ms: 0.421828
  type: 'test'
  ...
# Subtest: registry YAML profile rejects duplicate keys and unknown fields
ok 202 - registry YAML profile rejects duplicate keys and unknown fields
  ---
  duration_ms: 2.797888
  type: 'test'
  ...
# Subtest: manifest projection identity cannot collide with a source artifact identity
ok 203 - manifest projection identity cannot collide with a source artifact identity
  ---
  duration_ms: 0.443977
  type: 'test'
  ...
# Subtest: source manifest indexes current PDP-3 candidate authorities and their screen-contract dependencies
ok 204 - source manifest indexes current PDP-3 candidate authorities and their screen-contract dependencies
  ---
  duration_ms: 156.157679
  type: 'test'
  ...
# Subtest: Explorer keeps the five task-first activities in primary navigation
ok 205 - Explorer keeps the five task-first activities in primary navigation
  ---
  duration_ms: 1.879759
  type: 'test'
  ...
# Subtest: secondary workspaces stay reachable and arrow navigation stays in the primary activities
ok 206 - secondary workspaces stay reachable and arrow navigation stays in the primary activities
  ---
  duration_ms: 0.787477
  type: 'test'
  ...
# Subtest: Verify has no durable task-local pass or blocked result claim
ok 207 - Verify has no durable task-local pass or blocked result claim
  ---
  duration_ms: 2.189256
  type: 'test'
  ...
# Subtest: HTTP and gRPC contractFile references resolve to exact indexed operation artifacts
ok 208 - HTTP and gRPC contractFile references resolve to exact indexed operation artifacts
  ---
  duration_ms: 2.661274
  type: 'test'
  ...
# Subtest: non-contract interface rows are explicitly registry-only and scalar projection is qualified
ok 209 - non-contract interface rows are explicitly registry-only and scalar projection is qualified
  ---
  duration_ms: 1.594697
  type: 'test'
  ...
# Subtest: external contract observation retains X-04/X-05/X-06 source limits
ok 210 - external contract observation retains X-04/X-05/X-06 source limits
  ---
  duration_ms: 2.915649
  type: 'test'
  ...
# Subtest: external contract source is unchanged from the pinned Git revision, regardless of unrelated sibling dirt
ok 211 - external contract source is unchanged from the pinned Git revision, regardless of unrelated sibling dirt
  ---
  duration_ms: 60.571774
  type: 'test'
  ...
# Sibling HEAD moved; reviewed public contract bytes still match the pinned revision.
# Subtest: external freshness audit covers the selected X-04/X-05/X-06 public source contract identities
ok 212 - external freshness audit covers the selected X-04/X-05/X-06 public source contract identities
  ---
  duration_ms: 0.614125
  type: 'test'
  ...
# Subtest: available sibling source still matches the recorded contract facts
ok 213 - available sibling source still matches the recorded contract facts
  ---
  duration_ms: 135.935484
  type: 'test'
  ...
# Subtest: X-06 records the exact Event Plane append route and preserves Media lifecycle limits
ok 214 - X-06 records the exact Event Plane append route and preserves Media lifecycle limits
  ---
  duration_ms: 165.994474
  type: 'test'
  ...
# Subtest: all PDP-3 gRPC records project exact protobuf identity, message refs, and stream shape
ok 215 - all PDP-3 gRPC records project exact protobuf identity, message refs, and stream shape
  ---
  duration_ms: 27.389265
  type: 'test'
  ...
# Subtest: gRPC registry projection rejects a request or stream-shape drift
ok 216 - gRPC registry projection rejects a request or stream-shape drift
  ---
  duration_ms: 7.144815
  type: 'test'
  ...
# Subtest: J-01 keeps its four ordered steps and five registered screens without expanding the denominator
ok 217 - J-01 keeps its four ordered steps and five registered screens without expanding the denominator
  ---
  duration_ms: 1629.014849
  type: 'test'
  ...
# Subtest: each ordered step binds only its exact project query or create operation and applies no state transition
ok 218 - each ordered step binds only its exact project query or create operation and applies no state transition
  ---
  duration_ms: 0.993226
  type: 'test'
  ...
# Subtest: screen links distinguish trusted identity, scoped project views, and optional post-journey continuation
ok 219 - screen links distinguish trusted identity, scoped project views, and optional post-journey continuation
  ---
  duration_ms: 40.910728
  type: 'test'
  ...
# Subtest: create finality is receipt-bound; project reads do not claim reversible remote effects
ok 220 - create finality is receipt-bound; project reads do not claim reversible remote effects
  ---
  duration_ms: 5.788479
  type: 'test'
  ...
# Subtest: PXD-055 cannot authorize unrelated actions or substitute another operation or source decision
ok 221 - PXD-055 cannot authorize unrelated actions or substitute another operation or source decision
  ---
  duration_ms: 2.583372
  type: 'test'
  ...
# Subtest: J-01 requires only project create, authorized collection observation, and exact project/head inspection slices
ok 222 - J-01 requires only project create, authorized collection observation, and exact project/head inspection slices
  ---
  duration_ms: 2.883369
  type: 'test'
  ...
# Subtest: project creation establishes an empty immutable initial revision atomically and binds replay to the full request
ok 223 - project creation establishes an empty immutable initial revision atomically and binds replay to the full request
  ---
  duration_ms: 124.481288
  type: 'test'
  ...
# Subtest: project collection and inspection are scoped observations, not global existence, rights, or byte-access claims
ok 224 - project collection and inspection are scoped observations, not global existence, rights, or byte-access claims
  ---
  duration_ms: 0.926976
  type: 'test'
  ...
# Subtest: J-01 initial state definition does not invent transitions or close broader project lifecycle semantics
ok 225 - J-01 initial state definition does not invent transitions or close broader project lifecycle semantics
  ---
  duration_ms: 154.57463
  type: 'test'
  ...
# Subtest: project action contracts distinguish collection reads from selected-project and creation-receipt inspection
ok 226 - project action contracts distinguish collection reads from selected-project and creation-receipt inspection
  ---
  duration_ms: 35266.816831
  type: 'test'
  ...
# Subtest: J-01 project setup grammar binds only the three exact canonical PDP-1 project operations
ok 227 - J-01 project setup grammar binds only the three exact canonical PDP-1 project operations
  ---
  duration_ms: 3.753546
  type: 'test'
  ...
# Subtest: J-01 records definition grammar separately from current channel and Shared authority availability
ok 228 - J-01 records definition grammar separately from current channel and Shared authority availability
  ---
  duration_ms: 55.680591
  type: 'test'
  ...
# Subtest: J-02 source-mapped definition slice binds only upload, same-upload resume, and exact artifact metadata inspection
ok 229 - J-02 source-mapped definition slice binds only upload, same-upload resume, and exact artifact metadata inspection
  ---
  duration_ms: 4.213573
  type: 'test'
  ...
# Subtest: remote import and verification-job observation do not inherit the accepted upload or artifact-inspect slice
ok 230 - remote import and verification-job observation do not inherit the accepted upload or artifact-inspect slice
  ---
  duration_ms: 0.673447
  type: 'test'
  ...
# Subtest: J-02 source definitions preserve the original population and bind only existing identities
ok 231 - J-02 source definitions preserve the original population and bind only existing identities
  ---
  duration_ms: 1583.049337
  type: 'test'
  ...
# Subtest: conditional upload effects and read observations are not coerced to public undo booleans
ok 232 - conditional upload effects and read observations are not coerced to public undo booleans
  ---
  duration_ms: 0.760279
  type: 'test'
  ...
# Subtest: attachment definition maps only its supported immutable project-reference effect
ok 233 - attachment definition maps only its supported immutable project-reference effect
  ---
  duration_ms: 4.568803
  type: 'test'
  ...
# Subtest: existing recovery records remain manual, source-defined, and non-admitted
ok 234 - existing recovery records remain manual, source-defined, and non-admitted
  ---
  duration_ms: 2.624744
  type: 'test'
  ...
# Subtest: admits truthful PENDING source inputs without claiming completion
ok 235 - admits truthful PENDING source inputs without claiming completion
  ---
  duration_ms: 4.200936
  type: 'test'
  ...
# Subtest: allows additional requirement-specific obligations without one-per-phase ceiling
ok 236 - allows additional requirement-specific obligations without one-per-phase ceiling
  ---
  duration_ms: 0.788023
  type: 'test'
  ...
# Subtest: requires every obligation to cite a source requirement and unique case memberships
ok 237 - requires every obligation to cite a source requirement and unique case memberships
  ---
  duration_ms: 2.92765
  type: 'test'
  ...
# Subtest: rejects INPUT_READY without producer and case/observer/oracle coverage
ok 238 - rejects INPUT_READY without producer and case/observer/oracle coverage
  ---
  duration_ms: 1.722588
  type: 'test'
  ...
# Subtest: allows only input readiness, never Media-authored closure
ok 239 - allows only input readiness, never Media-authored closure
  ---
  duration_ms: 1.752021
  type: 'test'
  ...
# Subtest: requires unique versioned public provider bindings and a provider registry for readiness
ok 240 - requires unique versioned public provider bindings and a provider registry for readiness
  ---
  duration_ms: 1.32396
  type: 'test'
  ...
# Subtest: rejects hidden missing obligations and inconsistent phase selectors
ok 241 - rejects hidden missing obligations and inconsistent phase selectors
  ---
  duration_ms: 4.325778
  type: 'test'
  ...
# Subtest: rejects artificial green status with unaddressed owner blockers
ok 242 - rejects artificial green status with unaddressed owner blockers
  ---
  duration_ms: 1.212635
  type: 'test'
  ...
# Subtest: L-02 source-link proposal preserves all obligations and validates exact existing test identities
ok 243 - L-02 source-link proposal preserves all obligations and validates exact existing test identities
  ---
  duration_ms: 73.532863
  type: 'test'
  ...
# Subtest: L-02 source links reject stale cases and unregistered or unrelated test identities
ok 244 - L-02 source links reject stale cases and unregistered or unrelated test identities
  ---
  duration_ms: 2.525618
  type: 'test'
  ...
# Subtest: parameterized definition cases reject swapped scope, parameters and invented admission
ok 245 - parameterized definition cases reject swapped scope, parameters and invented admission
  ---
  duration_ms: 2.664384
  type: 'test'
  ...
# Subtest: caption, transcript, draft, and submission source-definition links reject invented identity, promotion, admission and missing negatives
ok 246 - caption, transcript, draft, and submission source-definition links reject invented identity, promotion, admission and missing negatives
  ---
  duration_ms: 8.24614
  type: 'test'
  ...
# Subtest: records exact current source-obligation observer/oracle gap and source-resolvable candidates only
ok 247 - records exact current source-obligation observer/oracle gap and source-resolvable candidates only
  ---
  duration_ms: 151.560457
  type: 'test'
  ...
# Subtest: documents why current L-02 simulation links do not yet have L-03 observer/oracle routes
ok 248 - documents why current L-02 simulation links do not yet have L-03 observer/oracle routes
  ---
  duration_ms: 360.441933
  type: 'test'
  ...
# Subtest: caption draft source assertions cannot become native provider routes or admitted cases
ok 249 - caption draft source assertions cannot become native provider routes or admitted cases
  ---
  duration_ms: 31.217323
  type: 'test'
  ...
# Subtest: transcription submission source assertions cannot become provider routes or admitted cases
ok 250 - transcription submission source assertions cannot become provider routes or admitted cases
  ---
  duration_ms: 38.288745
  type: 'test'
  ...
# Subtest: rejects empty, missing, stale-source, or unreviewed candidate route records
ok 251 - rejects empty, missing, stale-source, or unreviewed candidate route records
  ---
  duration_ms: 88.333694
  type: 'test'
  ...
# Subtest: candidate records cannot promote Media Lifecycle inputs to ready or closure
ok 252 - candidate records cannot promote Media Lifecycle inputs to ready or closure
  ---
  duration_ms: 232.563444
  type: 'test'
  ...
# Subtest: generator refuses duplicate source identities without modifying closure inputs
ok 253 - generator refuses duplicate source identities without modifying closure inputs
  ---
  duration_ms: 275.648903
  type: 'test'
  ...
# Subtest: generator refuses omitted source collections before any output is written
ok 254 - generator refuses omitted source collections before any output is written
  ---
  duration_ms: 265.682041
  type: 'test'
  ...
# Subtest: singleton normative contracts have exact anchors and reject array or anonymous substitutions
ok 255 - singleton normative contracts have exact anchors and reject array or anonymous substitutions
  ---
  duration_ms: 564.116333
  type: 'test'
  ...
# Subtest: check mode detects stale source fingerprints and output drift without writing
ok 256 - check mode detects stale source fingerprints and output drift without writing
  ---
  duration_ms: 414.30707
  type: 'test'
  ...
# Subtest: source-owned nested wire schemas have their own obligations and exact parent anchors
ok 257 - source-owned nested wire schemas have their own obligations and exact parent anchors
  ---
  duration_ms: 427.903278
  type: 'test'
  ...
# Subtest: effective leaf wire, output type and modality policies enter the proof denominator without admission
ok 258 - effective leaf wire, output type and modality policies enter the proof denominator without admission
  ---
  duration_ms: 457.44418
  type: 'test'
  ...
# Subtest: nested step definitions remain distinct obligations without inventing cases or acceptance
ok 259 - nested step definitions remain distinct obligations without inventing cases or acceptance
  ---
  duration_ms: 657.231427
  type: 'test'
  ...
# Subtest: source applicability validates the exact Cartesian population without admitting measurement
ok 260 - source applicability validates the exact Cartesian population without admitting measurement
  ---
  duration_ms: 3.852231
  type: 'test'
  ...
# Subtest: actual PDP-0 owner applicability source closes all pairs and exact binding projections
ok 261 - actual PDP-0 owner applicability source closes all pairs and exact binding projections
  ---
  duration_ms: 32358.263076
  type: 'test'
  ...
# Subtest: actual measure source bindings resolve exact owner rows and reject valid foreign targets
ok 262 - actual measure source bindings resolve exact owner rows and reject valid foreign targets
  ---
  duration_ms: 27483.676082
  type: 'test'
  ...
# Subtest: same-count substitution, duplicates and stale binding projections are rejected
ok 263 - same-count substitution, duplicates and stale binding projections are rejected
  ---
  duration_ms: 1.507328
  type: 'test'
  ...
# Subtest: unknown applicability, missing evidence and invented measurements remain errors
ok 264 - unknown applicability, missing evidence and invented measurements remain errors
  ---
  duration_ms: 1.104238
  type: 'test'
  ...
# Subtest: explicit applicability decision keeps missing output identity in scope without qualified measurements
ok 265 - explicit applicability decision keeps missing output identity in scope without qualified measurements
  ---
  duration_ms: 2.433072
  type: 'test'
  ...
# Subtest: MPSEM-0560 retains a whole-item unresolved boundary while routing exact J-02 definitions
ok 266 - MPSEM-0560 retains a whole-item unresolved boundary while routing exact J-02 definitions
  ---
  duration_ms: 70858.314051
  type: 'test'
  ...
# Subtest: PXD-053 classifies only the complete adjacent table-header item outside the 349 denominator
ok 267 - PXD-053 classifies only the complete adjacent table-header item outside the 349 denominator
  ---
  duration_ms: 1799.894804
  type: 'test'
  ...
# Subtest: linked PDP source changes remain stale until their migration item claims are reconciled
ok 268 - linked PDP source changes remain stale until their migration item claims are reconciled
  ---
  duration_ms: 105.416159
  type: 'test'
  ...
# Subtest: the stale pin impact describes the exact newly added PDP claims
ok 269 - the stale pin impact describes the exact newly added PDP claims
  ---
  duration_ms: 7518.515883
  type: 'test'
  ...
# Subtest: new linked-PDP assertions are atomized, source-located, and routed without implying acceptance
ok 270 - new linked-PDP assertions are atomized, source-located, and routed without implying acceptance
  ---
  duration_ms: 96.739439
  type: 'test'
  ...
# Subtest: new master-plan taxonomy and PDP-1 crosswalk claims are exact, routed, and non-accepting
ok 271 - new master-plan taxonomy and PDP-1 crosswalk claims are exact, routed, and non-accepting
  ---
  duration_ms: 2483.974949
  type: 'test'
  ...
# Subtest: migration taxonomy arbitration keeps execution-only items and unresolved hunk deltas classified without acceptance
ok 272 - migration taxonomy arbitration keeps execution-only items and unresolved hunk deltas classified without acceptance
  ---
  duration_ms: 1912.831794
  type: 'test'
  ...
# Subtest: every master-plan diff hunk is claim-linked or retained as an exact unresolved fragment
ok 273 - every master-plan diff hunk is claim-linked or retained as an exact unresolved fragment
  ---
  duration_ms: 2029.92827
  type: 'test'
  ...
# Subtest: migration master-plan semantic ledger preserves the stale pin and accounts for source changes
ok 274 - migration master-plan semantic ledger preserves the stale pin and accounts for source changes
  ---
  duration_ms: 2317.823376
  type: 'test'
  ...
# Subtest: migration source diff hunks have exact, non-accepting coverage
ok 275 - migration source diff hunks have exact, non-accepting coverage
  ---
  duration_ms: 1876.421978
  type: 'test'
  ...
# Subtest: narrow metadata slices preserve the mixed header while bounded source classifications stay non-accepting
ok 276 - narrow metadata slices preserve the mixed header while bounded source classifications stay non-accepting
  ---
  duration_ms: 1772.521549
  type: 'test'
  ...
# Subtest: PXD-033 remains bounded to its original exact 86 item IDs
ok 277 - PXD-033 remains bounded to its original exact 86 item IDs
  ---
  duration_ms: 1490.590728
  type: 'test'
  ...
# Subtest: PXD-039 adds only three exact execution-only lead-ins and reconciles the 89/260 counts
ok 278 - PXD-039 adds only three exact execution-only lead-ins and reconciles the 89/260 counts
  ---
  duration_ms: 2200.564192
  type: 'test'
  ...
# Subtest: MPSEM-0002 slogan claims have bounded proposal mappings without resolving the parent block
ok 279 - MPSEM-0002 slogan claims have bounded proposal mappings without resolving the parent block
  ---
  duration_ms: 2405.02154
  type: 'test'
  ...
# Subtest: P0-003 animation scope is crosswalked as a bounded slice while adjacent claims stay unresolved
ok 280 - P0-003 animation scope is crosswalked as a bounded slice while adjacent claims stay unresolved
  ---
  duration_ms: 1819.968277
  type: 'test'
  ...
# Subtest: MSC-04 path claims reconcile only source-supported PDP and Explorer identities
ok 281 - MSC-04 path claims reconcile only source-supported PDP and Explorer identities
  ---
  duration_ms: 2155.421184
  type: 'test'
  ...
# Subtest: MSC-05 source-scope claims map explicit PDP-0 and Explorer records while leaving absent projections open
ok 282 - MSC-05 source-scope claims map explicit PDP-0 and Explorer records while leaving absent projections open
  ---
  duration_ms: 2085.180882
  type: 'test'
  ...
# Subtest: MSC-07 routes scene validation, budgets, boundary, and locale claims only to exact source records
ok 283 - MSC-07 routes scene validation, budgets, boundary, and locale claims only to exact source records
  ---
  duration_ms: 2190.218606
  type: 'test'
  ...
# Subtest: MSC-08 separates PDP-0 path identity from changed completion criteria
ok 284 - MSC-08 separates PDP-0 path identity from changed completion criteria
  ---
  duration_ms: 6919.879894
  type: 'test'
  ...
# Subtest: MSC-10 viewport fixture wording maps only to the proposed PDP-2 responsive record
ok 285 - MSC-10 viewport fixture wording maps only to the proposed PDP-2 responsive record
  ---
  duration_ms: 1524.836915
  type: 'test'
  ...
# Subtest: MSC-10 crosswalks the legacy design-artifact names to current PDP-2 paths only
ok 286 - MSC-10 crosswalks the legacy design-artifact names to current PDP-2 paths only
  ---
  duration_ms: 1924.028708
  type: 'test'
  ...
# Subtest: MSC-11 maps only the P1-001 workstream label to the registered PDP-2 authority
ok 287 - MSC-11 maps only the P1-001 workstream label to the registered PDP-2 authority
  ---
  duration_ms: 1229.070315
  type: 'test'
  ...
# Subtest: MSC-12 crosswalks only the GOV-002 reuse-register path and stable artifact identity
ok 288 - MSC-12 crosswalks only the GOV-002 reuse-register path and stable artifact identity
  ---
  duration_ms: 1604.76299
  type: 'test'
  ...
# Subtest: MSC-14 pins the legacy Phase 0 crosswalk to the registered PDP-0 authority root
ok 289 - MSC-14 pins the legacy Phase 0 crosswalk to the registered PDP-0 authority root
  ---
  duration_ms: 2013.030518
  type: 'test'
  ...
# Subtest: MSC-15 crosswalks the four-authority taxonomy while preserving the broader assessment gap
ok 290 - MSC-15 crosswalks the four-authority taxonomy while preserving the broader assessment gap
  ---
  duration_ms: 1629.776902
  type: 'test'
  ...
# Subtest: MSC-13 maps only the retained P2 task group to the registered PDP-3 authority
ok 291 - MSC-13 maps only the retained P2 task group to the registered PDP-3 authority
  ---
  duration_ms: 1643.494806
  type: 'test'
  ...
# Subtest: P0-003 future relabeling cannot remove a capability from the preserved scope
ok 292 - P0-003 future relabeling cannot remove a capability from the preserved scope
  ---
  duration_ms: 1602.885753
  type: 'test'
  ...
# Subtest: MSC-07 erasure routing is crosswalked while proposed state and effect semantics remain unresolved
ok 293 - MSC-07 erasure routing is crosswalked while proposed state and effect semantics remain unresolved
  ---
  duration_ms: 1532.120539
  type: 'test'
  ...
# Subtest: MSC-02 bounds the changed DEFINE_PRODUCT scope without resolving its mixed block
ok 294 - MSC-02 bounds the changed DEFINE_PRODUCT scope without resolving its mixed block
  ---
  duration_ms: 1370.111761
  type: 'test'
  ...
# Subtest: MSC-03 authority rows are source-pinned to PDP candidates without accepting parent items
ok 295 - MSC-03 authority rows are source-pinned to PDP candidates without accepting parent items
  ---
  duration_ms: 1436.757198
  type: 'test'
  ...
# Subtest: MSC-01 and MSC-09 owner-routing claims are reconciled at bounded source spans
ok 296 - MSC-01 and MSC-09 owner-routing claims are reconciled at bounded source spans
  ---
  duration_ms: 1047.921517
  type: 'test'
  ...
# Subtest: MSC-03 canonical domain ownership slice is supported without phase acceptance
ok 297 - MSC-03 canonical domain ownership slice is supported without phase acceptance
  ---
  duration_ms: 810.810142
  type: 'test'
  ...
# Subtest: MSC-03 four-phase taxonomy diff has bounded owner-routing reconciliation only
ok 298 - MSC-03 four-phase taxonomy diff has bounded owner-routing reconciliation only
  ---
  duration_ms: 899.1996
  type: 'test'
  ...
# Subtest: MSC-10 PDP-3 upstream input routing is decomposed without accepting the inputs
ok 299 - MSC-10 PDP-3 upstream input routing is decomposed without accepting the inputs
  ---
  duration_ms: 1823.167929
  type: 'test'
  ...
# Subtest: MSC-15 routes semantic edits to the owning authority without resolving the historical parent block
ok 300 - MSC-15 routes semantic edits to the owning authority without resolving the historical parent block
  ---
  duration_ms: 1483.256475
  type: 'test'
  ...
# Subtest: audits the exact current source denominator, phase counts, memberships, and resolvable source records
ok 301 - audits the exact current source denominator, phase counts, memberships, and resolvable source records
  ---
  duration_ms: 28214.221947
  type: 'test'
  ...
# Subtest: refreshes the nine operation-source fingerprints only after their semantic impact is reconciled
ok 302 - refreshes the nine operation-source fingerprints only after their semantic impact is reconciled
  ---
  duration_ms: 25626.008698
  type: 'test'
  ...
# Subtest: thirteen individual source slices add obligations but no case, observer, oracle, or admission claims
ok 303 - thirteen individual source slices add obligations but no case, observer, oracle, or admission claims
  ---
  duration_ms: 10731.307507
  type: 'test'
  ...
# Subtest: PDP-2 obligation fingerprints change only after exact source-record impact is recorded
ok 304 - PDP-2 obligation fingerprints change only after exact source-record impact is recorded
  ---
  duration_ms: 976.033198
  type: 'test'
  ...
# Subtest: PXD-032 adds only the required source-proposal obligation for the progress-indicator contract
ok 305 - PXD-032 adds only the required source-proposal obligation for the progress-indicator contract
  ---
  duration_ms: 153.241351
  type: 'test'
  ...
# Subtest: flags duplicate IDs, phase contradictions, and duplicate or missing selected membership
ok 306 - flags duplicate IDs, phase contradictions, and duplicate or missing selected membership
  ---
  duration_ms: 1358.609958
  type: 'test'
  ...
# Subtest: flags unresolved source references and stale expected fingerprints
ok 307 - flags unresolved source references and stale expected fingerprints
  ---
  duration_ms: 1391.261161
  type: 'test'
  ...
# Subtest: flags a missing persisted source digest
ok 308 - flags a missing persisted source digest
  ---
  duration_ms: 1309.253143
  type: 'test'
  ...
# Subtest: same-process source audits cannot reuse a removed or changed normative record
ok 309 - same-process source audits cannot reuse a removed or changed normative record
  ---
  duration_ms: 19.534882
  type: 'test'
  ...
# Subtest: P0-02 keeps the unbounded leaf denominator and profile availability evidence explicit
ok 310 - P0-02 keeps the unbounded leaf denominator and profile availability evidence explicit
  ---
  duration_ms: 4.896137
  type: 'test'
  ...
# Subtest: P0-02 profile labels and proposed performance budgets do not become product guarantees
ok 311 - P0-02 profile labels and proposed performance budgets do not become product guarantees
  ---
  duration_ms: 1.95935
  type: 'test'
  ...
# Subtest: P0-02 does not promote family-level operation groups into leaf-specific parameter contracts
ok 312 - P0-02 does not promote family-level operation groups into leaf-specific parameter contracts
  ---
  duration_ms: 0.976257
  type: 'test'
  ...
# Subtest: HTTP and gRPC proposal/unresolved crosswalks partition exact current source identities
ok 313 - HTTP and gRPC proposal/unresolved crosswalks partition exact current source identities
  ---
  duration_ms: 7.008374
  type: 'test'
  ...
# Subtest: HTTP and gRPC source partitions reject stale, missing, and duplicate crosswalk identities
ok 314 - HTTP and gRPC source partitions reject stale, missing, and duplicate crosswalk identities
  ---
  duration_ms: 9.447963
  type: 'test'
  ...
# Subtest: CLI crosswalk is exact and SDK registry reports exact source-pair discrepancies
ok 315 - CLI crosswalk is exact and SDK registry reports exact source-pair discrepancies
  ---
  duration_ms: 7.640707
  type: 'test'
  ...
# Subtest: PXD-026 has normalized, bounded owner-policy dispositions with exact source and scope
ok 316 - PXD-026 has normalized, bounded owner-policy dispositions with exact source and scope
  ---
  duration_ms: 32.433438
  type: 'test'
  ...
# Subtest: PXD-027 is a separate bounded owner-policy decision, not phase acceptance
ok 317 - PXD-027 is a separate bounded owner-policy decision, not phase acceptance
  ---
  duration_ms: 2.380837
  type: 'test'
  ...
# Subtest: bounded PXD-026 policy approval does not alter independent PDP phase acceptance inputs
ok 318 - bounded PXD-026 policy approval does not alter independent PDP phase acceptance inputs
  ---
  duration_ms: 0.346306
  type: 'test'
  ...
# Subtest: PXD-030 records only representative initiating actors and preserves independent P0-010 review
ok 319 - PXD-030 records only representative initiating actors and preserves independent P0-010 review
  ---
  duration_ms: 71.742975
  type: 'test'
  ...
# Subtest: PDP-0 explicitly classifies non-goals and business intents from owner source
ok 320 - PDP-0 explicitly classifies non-goals and business intents from owner source
  ---
  duration_ms: 2296.016451
  type: 'test'
  ...
# Subtest: density and presentation profiles match Tools enum and explicit references
ok 321 - density and presentation profiles match Tools enum and explicit references
  ---
  duration_ms: 17.136124
  type: 'test'
  ...
# Subtest: WCAG 2.2 AA is a normative target, not fabricated accessible-technology evidence
ok 322 - WCAG 2.2 AA is a normative target, not fabricated accessible-technology evidence
  ---
  duration_ms: 4.900695
  type: 'test'
  ...
# Subtest: automatic recovery is limited to safe observation, not resubmission
ok 323 - automatic recovery is limited to safe observation, not resubmission
  ---
  duration_ms: 73.500342
  type: 'test'
  ...
# Subtest: every selected GUI template has an exact owned composition recipe and registered pattern
ok 324 - every selected GUI template has an exact owned composition recipe and registered pattern
  ---
  duration_ms: 42.376609
  type: 'test'
  ...
# Subtest: all four Agent Tool semantic selections resolve existing observed IDs and PDP-1 families without execution admission
ok 325 - all four Agent Tool semantic selections resolve existing observed IDs and PDP-1 families without execution admission
  ---
  duration_ms: 10087.400833
  type: 'test'
  ...
# Subtest: PDP-3 search and inspection contracts are source-owned, typed and fail closed
ok 326 - PDP-3 search and inspection contracts are source-owned, typed and fail closed
  ---
  duration_ms: 130.156355
  type: 'test'
  ...
# Subtest: P0-04 records delegated representative initiators without reducing requirement actors
ok 327 - P0-04 records delegated representative initiators without reducing requirement actors
  ---
  duration_ms: 2901.461893
  type: 'test'
  ...
# Subtest: P0-04 records delegated journey initiators without changing collaborators or operation bindings
ok 328 - P0-04 records delegated journey initiators without changing collaborators or operation bindings
  ---
  duration_ms: 274.859522
  type: 'test'
  ...
# Subtest: the complete product feature review matrix resolves to canonical sources and the cross-phase denominator
ok 329 - the complete product feature review matrix resolves to canonical sources and the cross-phase denominator
  ---
  duration_ms: 4822.370315
  type: 'test'
  ...
# Subtest: every feature leaf has an exact proposal-time channel disposition, with unsupported admission left explicit
ok 330 - every feature leaf has an exact proposal-time channel disposition, with unsupported admission left explicit
  ---
  duration_ms: 7177.191571
  type: 'test'
  ...
# Subtest: a corrective approval uses its own reviewed source cut and preserves historical pins
ok 331 - a corrective approval uses its own reviewed source cut and preserves historical pins
  ---
  duration_ms: 3.61071
  type: 'test'
  ...
# Subtest: fixed 38-task scope rejects extras, duplicates and missing tasks
ok 332 - fixed 38-task scope rejects extras, duplicates and missing tasks
  ---
  duration_ms: 0.940845
  type: 'test'
  ...
# Subtest: P0-04 source completion never implies dependency completion or original ledger completion
ok 333 - P0-04 source completion never implies dependency completion or original ledger completion
  ---
  duration_ms: 2.685952
  type: 'test'
  ...
# Subtest: historical complete or failed verification cannot manufacture a current source pass
ok 334 - historical complete or failed verification cannot manufacture a current source pass
  ---
  duration_ms: 1.046266
  type: 'test'
  ...
# Subtest: a successful test on a changing source cut cannot establish current completion
ok 335 - a successful test on a changing source cut cannot establish current completion
  ---
  duration_ms: 0.730718
  type: 'test'
  ...
# Subtest: live counters preserve receipt uncertainty and dynamic source denominator
ok 336 - live counters preserve receipt uncertainty and dynamic source denominator
  ---
  duration_ms: 0.578408
  type: 'test'
  ...
# Subtest: new source obligations remain distinct from the persisted evidence population
ok 337 - new source obligations remain distinct from the persisted evidence population
  ---
  duration_ms: 0.404971
  type: 'test'
  ...
# Subtest: passing a bounded implementation suite never establishes a whole task or specialist acceptance
ok 338 - passing a bounded implementation suite never establishes a whole task or specialist acceptance
  ---
  duration_ms: 0.775533
  type: 'test'
  ...
# Subtest: a reviewed current direct definition criterion remains separate from original task and external acceptance
ok 339 - a reviewed current direct definition criterion remains separate from original task and external acceptance
  ---
  duration_ms: 2.552225
  type: 'test'
  ...
# Subtest: current dependency observations cannot inherit historical no-unmet flags or source-test acceptance
ok 340 - current dependency observations cannot inherit historical no-unmet flags or source-test acceptance
  ---
  duration_ms: 1.260997
  type: 'test'
  ...
# Subtest: missing admissions pass with zero exact identities proven
ok 341 - missing admissions pass with zero exact identities proven
  ---
  duration_ms: 14.196827
  type: 'test'
  ...
# Subtest: the review host imports the exact candidate product-renderer export intended for production
ok 342 - the review host imports the exact candidate product-renderer export intended for production
  ---
  duration_ms: 9.119563
  type: 'test'
  ...
# Subtest: public Explorer render binding carries typed ports and the Tools Product viewport consumes it
ok 343 - public Explorer render binding carries typed ports and the Tools Product viewport consumes it
  ---
  duration_ms: 5.019889
  type: 'test'
  ...
# Subtest: admitted Web record passes only with identical public export and resolvable PDP-2 provenance
ok 344 - admitted Web record passes only with identical public export and resolvable PDP-2 provenance
  ---
  duration_ms: 6.17863
  type: 'test'
  ...
# Subtest: rejects missing host identity and unresolved design provenance
ok 345 - rejects missing host identity and unresolved design provenance
  ---
  duration_ms: 6.145066
  type: 'test'
  ...
# Subtest: rejects an admitted symbol absent from the representation export map
ok 346 - rejects an admitted symbol absent from the representation export map
  ---
  duration_ms: 7.089286
  type: 'test'
  ...
# Subtest: rejects presentation-to-review dependencies and production scenario fixtures
ok 347 - rejects presentation-to-review dependencies and production scenario fixtures
  ---
  duration_ms: 6.1768
  type: 'test'
  ...
# Subtest: rejects deep source imports and package subpaths absent from exports
ok 348 - rejects deep source imports and package subpaths absent from exports
  ---
  duration_ms: 4.485167
  type: 'test'
  ...
# Subtest: validates declared screen-to-token design links and reports broken candidate links
ok 349 - validates declared screen-to-token design links and reports broken candidate links
  ---
  duration_ms: 2.133811
  type: 'test'
  ...
# Subtest: counts a resolved admitted screen design chain
ok 350 - counts a resolved admitted screen design chain
  ---
  duration_ms: 12.263809
  type: 'test'
  ...
# Subtest: an unresolved admitted screen design link is a hard failure
ok 351 - an unresolved admitted screen design link is a hard failure
  ---
  duration_ms: 8.869792
  type: 'test'
  ...
# Subtest: unresolved candidate screen design links remain nonfatal
ok 352 - unresolved candidate screen design links remain nonfatal
  ---
  duration_ms: 6.070521
  type: 'test'
  ...
# Subtest: a missing pattern nested under an admitted screen template is a hard failure
ok 353 - a missing pattern nested under an admitted screen template is a hard failure
  ---
  duration_ms: 5.536653
  type: 'test'
  ...
# Subtest: a missing pattern nested under a candidate screen template stays nonfatal
ok 354 - a missing pattern nested under a candidate screen template stays nonfatal
  ---
  duration_ms: 9.661968
  type: 'test'
  ...
# Subtest: a template pattern with an unresolved component source fails only when admitted
ok 355 - a template pattern with an unresolved component source fails only when admitted
  ---
  duration_ms: 7.698441
  type: 'test'
  ...
# Subtest: privacy ledger binds only source-observed tenant, consent, revision, retention, and retry behavior
ok 356 - privacy ledger binds only source-observed tenant, consent, revision, retention, and retry behavior
  ---
  duration_ms: 3.75042
  type: 'test'
  ...
# Subtest: privacy regression rejects tenant-scope, revocation, and stale-revision source drift
ok 357 - privacy regression rejects tenant-scope, revocation, and stale-revision source drift
  ---
  duration_ms: 3.568472
  type: 'test'
  ...
# Subtest: privacy regression rejects request deduplication scope drift
ok 358 - privacy regression rejects request deduplication scope drift
  ---
  duration_ms: 5.033865
  type: 'test'
  ...
# Subtest: privacy regression rejects unsupported hold, erasure, and uncertain-replay claims
ok 359 - privacy regression rejects unsupported hold, erasure, and uncertain-replay claims
  ---
  duration_ms: 3.919735
  type: 'test'
  ...
# Subtest: current parity census includes owner intents, adapter-required methods and legacy reads without widening acceptance
ok 360 - current parity census includes owner intents, adapter-required methods and legacy reads without widening acceptance
  ---
  duration_ms: 7185.671963
  type: 'test'
  ...
# Subtest: residual report validates exact projection dispositions and pinned sources
ok 361 - residual report validates exact projection dispositions and pinned sources
  ---
  duration_ms: 7702.60286
  type: 'test'
  ...
# Subtest: residual report output is deterministic and clearly diagnostic
ok 362 - residual report output is deterministic and clearly diagnostic
  ---
  duration_ms: 12824.591125
  type: 'test'
  ...
# Subtest: SDK residual partition includes bounded operations and rejects missing, duplicate, or invented members
ok 363 - SDK residual partition includes bounded operations and rejects missing, duplicate, or invented members
  ---
  duration_ms: 0.759799
  type: 'test'
  ...
# Subtest: projection field audit catches missing schema fields and unreported empty collections
ok 364 - projection field audit catches missing schema fields and unreported empty collections
  ---
  duration_ms: 41.715645
  type: 'test'
  ...
# Subtest: projection source validation rejects unregistered and stale local sources
ok 365 - projection source validation rejects unregistered and stale local sources
  ---
  duration_ms: 21.165665
  type: 'test'
  ...
# Subtest: Media-owned PDP-0 rules project only PXD-035 decisions and retain proposal-only mappings pending
ok 366 - Media-owned PDP-0 rules project only PXD-035 decisions and retain proposal-only mappings pending
  ---
  duration_ms: 564.046809
  type: 'test'
  ...
# Subtest: trust and ownership decisions classify by data/effect and never infer authority from principal kind
ok 367 - trust and ownership decisions classify by data/effect and never infer authority from principal kind
  ---
  duration_ms: 428.895465
  type: 'test'
  ...
# Subtest: PDP-0 projects only the exact resolved P0-04 user intent actor and priority decisions
ok 368 - PDP-0 projects only the exact resolved P0-04 user intent actor and priority decisions
  ---
  duration_ms: 11.801679
  type: 'test'
  ...
# Subtest: PDP-0 preserves exact collaborator actor lists and only resolved initiating actors
ok 369 - PDP-0 preserves exact collaborator actor lists and only resolved initiating actors
  ---
  duration_ms: 2.281889
  type: 'test'
  ...
# Subtest: PDP-0 requirement trace targets are limited to resolvable intents and unresolved targets stay in the review
ok 370 - PDP-0 requirement trace targets are limited to resolvable intents and unresolved targets stay in the review
  ---
  duration_ms: 0.956553
  type: 'test'
  ...
# Subtest: PDP-0 maps owner-resolved invariants, trust contexts, and accountability without merging authority types
ok 371 - PDP-0 maps owner-resolved invariants, trust contexts, and accountability without merging authority types
  ---
  duration_ms: 2.128327
  type: 'test'
  ...
# Subtest: internal validation profile is bounded and denies release activation
ok 372 - internal validation profile is bounded and denies release activation
  ---
  duration_ms: 1.761859
  type: 'test'
  ...
# Subtest: production admission criteria remain explicit and blocked
ok 373 - production admission criteria remain explicit and blocked
  ---
  duration_ms: 0.577475
  type: 'test'
  ...
# Subtest: ProcessingJob HTTP schema mirrors the serialized runtime record without claiming canonical equivalence
ok 374 - ProcessingJob HTTP schema mirrors the serialized runtime record without claiming canonical equivalence
  ---
  duration_ms: 4.65498
  type: 'test'
  ...
# Subtest: principal-scoped upload, artifact, and job routes declare the principal header
ok 375 - principal-scoped upload, artifact, and job routes declare the principal header
  ---
  duration_ms: 0.575355
  type: 'test'
  ...
# Subtest: upload creation binds required key to tenant, principal, and full payload fingerprint
ok 376 - upload creation binds required key to tenant, principal, and full payload fingerprint
  ---
  duration_ms: 0.348225
  type: 'test'
  ...
# Subtest: upload completion replay binds to the persisted request and original artifact
ok 377 - upload completion replay binds to the persisted request and original artifact
  ---
  duration_ms: 0.265317
  type: 'test'
  ...
# Subtest: UploadRequest mirrors the runtime body identity fields and requires its principal
ok 378 - UploadRequest mirrors the runtime body identity fields and requires its principal
  ---
  duration_ms: 0.548297
  type: 'test'
  ...
# Subtest: search and inspection records match the public ExperienceSpecification schema
ok 379 - search and inspection records match the public ExperienceSpecification schema
  ---
  duration_ms: 3.641137
  type: 'test'
  ...
# Subtest: PXD-027 selects Media search and inspection definitions without admitting runtime or phase acceptance
ok 380 - PXD-027 selects Media search and inspection definitions without admitting runtime or phase acceptance
  ---
  duration_ms: 14.78229
  type: 'test'
  ...
# Subtest: source bindings use exact PDP-1 types and leave unsupported operation semantics unresolved
ok 381 - source bindings use exact PDP-1 types and leave unsupported operation semantics unresolved
  ---
  duration_ms: 0.827274
  type: 'test'
  ...
# Subtest: negative checks reject invented domain and operation identities
ok 382 - negative checks reject invented domain and operation identities
  ---
  duration_ms: 6.011404
  type: 'test'
  ...
# Subtest: inspection identities carry explicit resolvable source authorities
ok 383 - inspection identities carry explicit resolvable source authorities
  ---
  duration_ms: 6.748393
  type: 'test'
  ...
# Subtest: artifact and job inspectors record observed read routes without semantic or freshness claims
ok 384 - artifact and job inspectors record observed read routes without semantic or freshness claims
  ---
  duration_ms: 14.155544
  type: 'test'
  ...
# Subtest: observed job-search protocol details do not claim unprovided query or continuation semantics
ok 385 - observed job-search protocol details do not claim unprovided query or continuation semantics
  ---
  duration_ms: 0.633829
  type: 'test'
  ...
# Subtest: job-list example stays within the observed HTTP transport contract
ok 386 - job-list example stays within the observed HTTP transport contract
  ---
  duration_ms: 0.983432
  type: 'test'
  ...
# Subtest: the source-observation artifact cross-references canonical identities without redefining them
ok 387 - the source-observation artifact cross-references canonical identities without redefining them
  ---
  duration_ms: 18.485077
  type: 'test'
  ...
# Subtest: generated external-owner observations pin the current sibling source HEADs and files
ok 388 - generated external-owner observations pin the current sibling source HEADs and files
  ---
  duration_ms: 401.827206
  type: 'test'
  ...
# Subtest: PDP-1 state inventory preserves the PDP-0 proposal without accepting its semantics
ok 389 - PDP-1 state inventory preserves the PDP-0 proposal without accepting its semantics
  ---
  duration_ms: 232.662062
  type: 'test'
  ...
# Subtest: PDP-1 transition extraction preserves every source edge and leaves guards and bindings unresolved
ok 390 - PDP-1 transition extraction preserves every source edge and leaves guards and bindings unresolved
  ---
  duration_ms: 181.725979
  type: 'test'
  ...
# Subtest: PDP-1 adapter observations point to live methods and remain unresolved projections
ok 391 - PDP-1 adapter observations point to live methods and remain unresolved projections
  ---
  duration_ms: 72.914025
  type: 'test'
  ...
# Subtest: PDP-1 records runtime stream-state and store-transition observations without promoting the proposal
ok 392 - PDP-1 records runtime stream-state and store-transition observations without promoting the proposal
  ---
  duration_ms: 83.659341
  type: 'test'
  ...
# Subtest: executable conversion limits bind to the exact owner profile, with no wire or scientific admission
ok 393 - executable conversion limits bind to the exact owner profile, with no wire or scientific admission
  ---
  duration_ms: 284.089106
  type: 'test'
  ...
# Subtest: rational media time converts exactly without long-duration floating point drift
ok 394 - rational media time converts exactly without long-duration floating point drift
  ---
  duration_ms: 1.136904
  type: 'test'
  ...
# Subtest: 29.97 rational frame boundaries preserve exact 30000/1001 cadence
ok 395 - 29.97 rational frame boundaries preserve exact 30000/1001 cadence
  ---
  duration_ms: 0.28576
  type: 'test'
  ...
# Subtest: 24000/1001 cadence is never silently reinterpreted as an equal 24 fps frame count
ok 396 - 24000/1001 cadence is never silently reinterpreted as an equal 24 fps frame count
  ---
  duration_ms: 0.704136
  type: 'test'
  ...
# Subtest: inexact conversion requires a selected rounding method and reports exact signed loss
ok 397 - inexact conversion requires a selected rounding method and reports exact signed loss
  ---
  duration_ms: 0.526178
  type: 'test'
  ...
# Subtest: unknown clocks, implicit legacy fps/seconds and integer overflow fail closed
ok 398 - unknown clocks, implicit legacy fps/seconds and integer overflow fail closed
  ---
  duration_ms: 0.598793
  type: 'test'
  ...
# Subtest: sample conversion distinguishes an end boundary from a valid sample and retains priming separation
ok 399 - sample conversion distinguishes an end boundary from a valid sample and retains priming separation
  ---
  duration_ms: 0.678551
  type: 'test'
  ...
# Subtest: pixel boundary conversions round trip exactly and reject stale, ambiguous or out-of-bounds geometry
ok 400 - pixel boundary conversions round trip exactly and reject stale, ambiguous or out-of-bounds geometry
  ---
  duration_ms: 1.633303
  type: 'test'
  ...
# Subtest: physical unit conversion preserves dimension and exact decimal ratios without scientific qualification
ok 401 - physical unit conversion preserves dimension and exact decimal ratios without scientific qualification
  ---
  duration_ms: 1.138562
  type: 'test'
  ...
# Subtest: pixel centers retain their exact half-pixel offset and cannot be silently exchanged with boundaries
ok 402 - pixel centers retain their exact half-pixel offset and cannot be silently exchanged with boundaries
  ---
  duration_ms: 4.55267
  type: 'test'
  ...
# Subtest: temporal and spatial inventory preserves exact source fields and separates incompatible dimensions
ok 403 - temporal and spatial inventory preserves exact source fields and separates incompatible dimensions
  ---
  duration_ms: 2.493643
  type: 'test'
  ...
# Subtest: temporal and spatial regression rejects unit inference, source drift, or canonical promotion
ok 404 - temporal and spatial regression rejects unit inference, source drift, or canonical promotion
  ---
  duration_ms: 3.79546
  type: 'test'
  ...
# Subtest: transcript inspection binds one existing capability without retiring other inspection definitions
ok 405 - transcript inspection binds one existing capability without retiring other inspection definitions
  ---
  duration_ms: 3.224922
  type: 'test'
  ...
# Subtest: transcript definition rejects unrelated identity, source pointer and promoted admission
ok 406 - transcript definition rejects unrelated identity, source pointer and promoted admission
  ---
  duration_ms: 2074.929079
  type: 'test'
  ...
# Subtest: untimed transcript inspection cannot qualify a caption parent or invent scientific evidence
ok 407 - untimed transcript inspection cannot qualify a caption parent or invent scientific evidence
  ---
  duration_ms: 984.099917
  type: 'test'
  ...
# Subtest: J-03 binds the existing transcript review step without changing the journey or action population
ok 408 - J-03 binds the existing transcript review step without changing the journey or action population
  ---
  duration_ms: 1512.552737
  type: 'test'
  ...
# Subtest: transcript identity, read selector, source link, availability, and errors match PDP-1
ok 409 - transcript identity, read selector, source link, availability, and errors match PDP-1
  ---
  duration_ms: 0.544578
  type: 'test'
  ...
# Subtest: review screen binds only the exact query while local playback actions remain separate
ok 410 - review screen binds only the exact query while local playback actions remain separate
  ---
  duration_ms: 0.393569
  type: 'test'
  ...
# Subtest: read action stays UNKNOWN for reversibility and cannot project or forge an unapproved public boolean
ok 411 - read action stays UNKNOWN for reversibility and cannot project or forge an unapproved public boolean
  ---
  duration_ms: 14.809181
  type: 'test'
  ...
# Subtest: PXD-064 cannot be reused for a different action, operation, authority, decision, or admission
ok 412 - PXD-064 cannot be reused for a different action, operation, authority, decision, or admission
  ---
  duration_ms: 59.874881
  type: 'test'
  ...
# Subtest: transcript version object definition
ok 413 - transcript version object definition
  ---
  duration_ms: 1833.662443
  type: 'test'
  ...
# Subtest: transcript version read definition
ok 414 - transcript version read definition
  ---
  duration_ms: 1538.967377
  type: 'test'
  ...
# Subtest: J-03 transcript review grammar binds the exact existing source operation and unverified read semantics
ok 415 - J-03 transcript review grammar binds the exact existing source operation and unverified read semantics
  ---
  duration_ms: 11972.307832
  type: 'test'
  ...
# Subtest: transcript review grammar rejects aliases, approval, fabricated uncertainty, and runtime promotion
ok 416 - transcript review grammar rejects aliases, approval, fabricated uncertainty, and runtime promotion
  ---
  duration_ms: 11970.529778
  type: 'test'
  ...
# Subtest: transcript review makes no unsupported transport or fixture availability claim
ok 417 - transcript review makes no unsupported transport or fixture availability claim
  ---
  duration_ms: 43.261922
  type: 'test'
  ...
# Subtest: existing job and file-transcription leaves bind only request acceptance
ok 418 - existing job and file-transcription leaves bind only request acceptance
  ---
  duration_ms: 3.498545
  type: 'test'
  ...
# Subtest: submission slice rejects scientific quality, full leaf admission and streaming equivalence
ok 419 - submission slice rejects scientific quality, full leaf admission and streaming equivalence
  ---
  duration_ms: 1848.80786
  type: 'test'
  ...
# Subtest: submission slice rejects swapped operation, source pointer, action and step
ok 420 - submission slice rejects swapped operation, source pointer, action and step
  ---
  duration_ms: 1387.345472
  type: 'test'
  ...
# Subtest: file-audio transcription submission definition
ok 421 - file-audio transcription submission definition
  ---
  duration_ms: 5.002686
  type: 'test'
  ...
# Subtest: submission definition rejects replay, authority, and finality overclaims
ok 422 - submission definition rejects replay, authority, and finality overclaims
  ---
  duration_ms: 3570.575631
  type: 'test'
  ...
# Subtest: unknown dispatch and reconciliation stay nonterminal and non-replayable
ok 423 - unknown dispatch and reconciliation stay nonterminal and non-replayable
  ---
  duration_ms: 2008.712333
  type: 'test'
  ...
# Subtest: J03-2 binds only the existing audio transcription-submission identity
ok 424 - J03-2 binds only the existing audio transcription-submission identity
  ---
  duration_ms: 2.808403
  type: 'test'
  ...
# Subtest: request snapshot, scoped key, profile, language, receipt, and reconciliation match PDP1/PDP2
ok 425 - request snapshot, scoped key, profile, language, receipt, and reconciliation match PDP1/PDP2
  ---
  duration_ms: 0.613253
  type: 'test'
  ...
# Subtest: the screen consequence presents the receipt without promising state and leaves status/cancellation unresolved
ok 426 - the screen consequence presents the receipt without promising state and leaves status/cancellation unresolved
  ---
  duration_ms: 0.349111
  type: 'test'
  ...
# Subtest: negative mutations reject wrong IDs, broadened effects, status edges, and false admission
ok 427 - negative mutations reject wrong IDs, broadened effects, status edges, and false admission
  ---
  duration_ms: 3.932239
  type: 'test'
  ...
# Subtest: J03 submission definition changes no journey, step, action, or runtime-evidence population
ok 428 - J03 submission definition changes no journey, step, action, or runtime-evidence population
  ---
  duration_ms: 1235.328512
  type: 'test'
  ...
# Subtest: J03-2 submission grammar binds the existing operation and exact request, receipt, policy, and fingerprint semantics
ok 429 - J03-2 submission grammar binds the existing operation and exact request, receipt, policy, and fingerprint semantics
  ---
  duration_ms: 13272.091897
  type: 'test'
  ...
# Subtest: submission grammar rejects fingerprint, authority, and unknown-outcome scope broadening
ok 430 - submission grammar rejects fingerprint, authority, and unknown-outcome scope broadening
  ---
  duration_ms: 11153.401846
  type: 'test'
  ...
# Subtest: submission acknowledgement, job execution, and provider RPC interfaces remain separate
ok 431 - submission acknowledgement, job execution, and provider RPC interfaces remain separate
  ---
  duration_ms: 28.604692
  type: 'test'
  ...
# Subtest: every publicly exported TS type and schema has one explicit and source-grounded role
ok 432 - every publicly exported TS type and schema has one explicit and source-grounded role
  ---
  duration_ms: 3.174295
  type: 'test'
  ...
# Subtest: new exported type requires a new role binding
ok 433 - new exported type requires a new role binding
  ---
  duration_ms: 1.003481
  type: 'test'
  ...
# Subtest: typos in canonical operation and machine identities fail
ok 434 - typos in canonical operation and machine identities fail
  ---
  duration_ms: 5.82863
  type: 'test'
  ...
# Subtest: no undeclared or reused schema role can hide source inventory drift
ok 435 - no undeclared or reused schema role can hide source inventory drift
  ---
  duration_ms: 0.813642
  type: 'test'
  ...
# Subtest: specialized unadmitted model operations cannot masquerade as accepted canonical operations
ok 436 - specialized unadmitted model operations cannot masquerade as accepted canonical operations
  ---
  duration_ms: 0.912197
  type: 'test'
  ...
# Subtest: typed contract binding catalog exhaustively covers source roles without implying support
ok 437 - typed contract binding catalog exhaustively covers source roles without implying support
  ---
  duration_ms: 4.78415
  type: 'test'
  ...
# Subtest: catalog negative checks reject duplicate and stale schema identities
ok 438 - catalog negative checks reject duplicate and stale schema identities
  ---
  duration_ms: 4.158947
  type: 'test'
  ...
# Subtest: catalog negative checks reject unsupported PDP-1 references and missing new bindings
ok 439 - catalog negative checks reject unsupported PDP-1 references and missing new bindings
  ---
  duration_ms: 1.472168
  type: 'test'
  ...
# Subtest: catalog negative checks prevent admission of specialized unqualified operations
ok 440 - catalog negative checks prevent admission of specialized unqualified operations
  ---
  duration_ms: 2.127784
  type: 'test'
  ...
# Subtest: client contract imports resolve to the same catalog without upgrading legacy routes
ok 441 - client contract imports resolve to the same catalog without upgrading legacy routes
  ---
  duration_ms: 5.310089
  type: 'test'
  ...
# Subtest: PDP-2 reuse audit counts match the executable UI inventory
ok 442 - PDP-2 reuse audit counts match the executable UI inventory
  ---
  duration_ms: 178.532728
  type: 'test'
  ...
# Subtest: PDP-2 reuse audit records exact cross-product reuse and semantic exclusions
ok 443 - PDP-2 reuse audit records exact cross-product reuse and semantic exclusions
  ---
  duration_ms: 199.237173
  type: 'test'
  ...
# Subtest: PDP-2 family crosswalk binds only source-exact public component exports and consumers
ok 444 - PDP-2 family crosswalk binds only source-exact public component exports and consumers
  ---
  duration_ms: 591.578736
  type: 'test'
  ...
# Subtest: PDP-2 reuse audit covers the broader Ghatana workspace and dependency boundaries
ok 445 - PDP-2 reuse audit covers the broader Ghatana workspace and dependency boundaries
  ---
  duration_ms: 78.157848
  type: 'test'
  ...
# Subtest: HTTP upload/artifact contracts map each existing route to its exact bounded PDP-1 slice
ok 446 - HTTP upload/artifact contracts map each existing route to its exact bounded PDP-1 slice
  ---
  duration_ms: 11986.905374
  type: 'test'
  ...
# Subtest: SDK methods preserve the guarded workflow without inventing a resume method or versioned wire alias
ok 447 - SDK methods preserve the guarded workflow without inventing a resume method or versioned wire alias
  ---
  duration_ms: 53.183718
  type: 'test'
  ...
# Subtest: CLI and Agent Tool populations are not inflated to imply unsupported upload interfaces
ok 448 - CLI and Agent Tool populations are not inflated to imply unsupported upload interfaces
  ---
  duration_ms: 138.268569
  type: 'test'
  ...
# Subtest: source parity separately records bounded command bindings and keeps global parity unaccepted
ok 449 - source parity separately records bounded command bindings and keeps global parity unaccepted
  ---
  duration_ms: 634.73305
  type: 'test'
  ...
# Subtest: three existing upload operations bind source identities to bounded version-1 owner definitions
ok 450 - three existing upload operations bind source identities to bounded version-1 owner definitions
  ---
  duration_ms: 8.783952
  type: 'test'
  ...
# Subtest: upload operation contracts reject false replay, finality, authority, and acceptance claims
ok 451 - upload operation contracts reject false replay, finality, authority, and acceptance claims
  ---
  duration_ms: 34.757256
  type: 'test'
  ...
# Subtest: source identity drift or invented completion key is not silently accepted as parity
ok 452 - source identity drift or invented completion key is not silently accepted as parity
  ---
  duration_ms: 9.866229
  type: 'test'
  ...
# Subtest: upload state, action and object bindings reject availability, rights and action-equivalence expansion
ok 453 - upload state, action and object bindings reject availability, rights and action-equivalence expansion
  ---
  duration_ms: 63.758155
  type: 'test'
  ...
# Subtest: P0-06 projects accepted measurement definitions while keeping actual profile measurement and qualification unevaluated
ok 454 - P0-06 projects accepted measurement definitions while keeping actual profile measurement and qualification unevaluated
  ---
  duration_ms: 5487.38736
  type: 'test'
  ...
# Subtest: P0-06 defines exact outcome/capability crosswalks and deterministic profile-scoped numerators and denominators
ok 455 - P0-06 defines exact outcome/capability crosswalks and deterministic profile-scoped numerators and denominators
  ---
  duration_ms: 4979.130526
  type: 'test'
  ...
# Subtest: P0-06 retains source-defined measurement applicability without turning it into a pass or target
ok 456 - P0-06 retains source-defined measurement applicability without turning it into a pass or target
  ---
  duration_ms: 2101.344796
  type: 'test'
  ...
# Subtest: P0-06 profiles and proposed budgets do not claim capability availability or qualified success targets
ok 457 - P0-06 profiles and proposed budgets do not claim capability availability or qualified success targets
  ---
  duration_ms: 32.255656
  type: 'test'
  ...
# Subtest: P0-06 keeps privacy and locality applicability as independent policy decisions
ok 458 - P0-06 keeps privacy and locality applicability as independent policy decisions
  ---
  duration_ms: 10.652351
  type: 'test'
  ...
# Subtest: P0-06 omits authored ProductDefinition timestamps when Media has no timestamp provenance
ok 459 - P0-06 omits authored ProductDefinition timestamps when Media has no timestamp provenance
  ---
  duration_ms: 20.794391
  type: 'test'
  ...
# Subtest: measurement projection rejects stale identity, guessed scope, empty grammar and forged qualified values
ok 460 - measurement projection rejects stale identity, guessed scope, empty grammar and forged qualified values
  ---
  duration_ms: 6561.75498
  type: 'test'
  ...
# Subtest: PDP-0 ProductDefinition candidate is schema and public-validator conformant while retaining open mapping decisions
ok 461 - PDP-0 ProductDefinition candidate is schema and public-validator conformant while retaining open mapping decisions
  ---
  duration_ms: 2553.09155
  type: 'test'
  ...
# Subtest: ProductDefinition mapping coverage is explicit, source-pinned, and rejects invalid semantic fixtures
ok 462 - ProductDefinition mapping coverage is explicit, source-pinned, and rejects invalid semantic fixtures
  ---
  duration_ms: 647.067899
  type: 'test'
  ...
# Subtest: all 462 capability leaves have operation-specific inputs, outcomes, preconditions, constraints, and acceptance cases
ok 463 - all 462 capability leaves have operation-specific inputs, outcomes, preconditions, constraints, and acceptance cases
  ---
  duration_ms: 8537.612058
  type: 'test'
  ...
# Subtest: PDP-0 quality and NFR records retain measurement limits and unresolved specialist decisions
ok 464 - PDP-0 quality and NFR records retain measurement limits and unresolved specialist decisions
  ---
  duration_ms: 3944.085105
  type: 'test'
  ...
# Subtest: P0-05 projects only bounded PDP-1 owner-decided rules with trust and fail-closed semantics
ok 465 - P0-05 projects only bounded PDP-1 owner-decided rules with trust and fail-closed semantics
  ---
  duration_ms: 56.619943
  type: 'test'
  ...
# Subtest: P0-04 owner intent decisions are auditable and preserve collaborative actor references
ok 466 - P0-04 owner intent decisions are auditable and preserve collaborative actor references
  ---
  duration_ms: 2453.764372
  type: 'test'
  ...
# Subtest: P0-04 journey actors and requirement intent targets remain source-bound
ok 467 - P0-04 journey actors and requirement intent targets remain source-bound
  ---
  duration_ms: 3780.223517
  type: 'test'
  ...
# Subtest: migration extraction keeps the mixed blocks and unresolved owner review visible
ok 468 - migration extraction keeps the mixed blocks and unresolved owner review visible
  ---
  duration_ms: 1424.104747
  type: 'test'
  ...
# Subtest: PDP-2 disclosure density mapping follows the selected simple/guided/expert taxonomy
ok 469 - PDP-2 disclosure density mapping follows the selected simple/guided/expert taxonomy
  ---
  duration_ms: 2.545521
  type: 'test'
  ...
# Subtest: PDP-2 recovery and accessibility projections preserve their authored scope
ok 470 - PDP-2 recovery and accessibility projections preserve their authored scope
  ---
  duration_ms: 0.799822
  type: 'test'
  ...
# Subtest: PDP-2 projects exact owner-approved recipe identities while admission stays pending
ok 471 - PDP-2 projects exact owner-approved recipe identities while admission stays pending
  ---
  duration_ms: 0.486389
  type: 'test'
  ...
# Subtest: PDP-3 search and inspection source records project to the public schema shape
ok 472 - PDP-3 search and inspection source records project to the public schema shape
  ---
  duration_ms: 42.068417
  type: 'test'
  ...
# Subtest: residual report drops mapped PDP-2 and search/inspection fields while retaining other PDP-3 gaps
ok 473 - residual report drops mapped PDP-2 and search/inspection fields while retaining other PDP-3 gaps
  ---
  duration_ms: 7080.688687
  type: 'test'
  ...
# Subtest: PDP-2 recipe review keeps recipe identity distinct from template, pattern, and layout IDs
ok 474 - PDP-2 recipe review keeps recipe identity distinct from template, pattern, and layout IDs
  ---
  duration_ms: 4022.323497
  type: 'test'
  ...
# Subtest: PDP-2 rejects stale, duplicate, and cross-domain chain references
ok 475 - PDP-2 rejects stale, duplicate, and cross-domain chain references
  ---
  duration_ms: 2.841175
  type: 'test'
  ...
# Subtest: Tools public ExperienceLanguage validator accepts the current candidate using Media source registries
ok 476 - Tools public ExperienceLanguage validator accepts the current candidate using Media source registries
  ---
  duration_ms: 15.174456
  type: 'test'
  ...
# Subtest: Tools public ExperienceLanguage validator rejects duplicate recipe-binding identities
ok 477 - Tools public ExperienceLanguage validator rejects duplicate recipe-binding identities
  ---
  duration_ms: 2.408261
  type: 'test'
  ...
# Subtest: Tools public ExperienceLanguage validator rejects an unregistered recipe reference
ok 478 - Tools public ExperienceLanguage validator rejects an unregistered recipe reference
  ---
  duration_ms: 1.642268
  type: 'test'
  ...
# Subtest: P3-08 examples trace every named family to stable journey contracts
ok 479 - P3-08 examples trace every named family to stable journey contracts
  ---
  duration_ms: 1207.83225
  type: 'test'
  ...
# Subtest: P3-08 examples preserve the bounded source-defined caption operation boundary
ok 480 - P3-08 examples preserve the bounded source-defined caption operation boundary
  ---
  duration_ms: 11255.633457
  type: 'test'
  ...
# Subtest: P3-08 journey view and screen identities resolve through the current registry
ok 481 - P3-08 journey view and screen identities resolve through the current registry
  ---
  duration_ms: 1167.252454
  type: 'test'
  ...
# Subtest: P3-08 documented action and operation identities are source-backed
ok 482 - P3-08 documented action and operation identities are source-backed
  ---
  duration_ms: 13713.375543
  type: 'test'
  ...
# Subtest: P3-08 definition, implementation, qualification, license, availability, and acceptance stay distinct
ok 483 - P3-08 definition, implementation, qualification, license, availability, and acceptance stay distinct
  ---
  duration_ms: 0.764604
  type: 'test'
  ...
# Subtest: PDP-3 overview reports the registered baseline and extension journey denominators
not ok 484 - PDP-3 overview reports the registered baseline and extension journey denominators
  ---
  duration_ms: 18.025154
  type: 'test'
  location: '/home/samujjwal/Developments/media-pdp38-frozen-review-aqprzo2z/ghatana-media/tests/pdp-3-overview-denominator.test.mjs:12:1'
  failureType: 'testCodeFailure'
  error: |-
    The input did not match the regular expression /nine semantic blockers/u. Input:
    
    '# Media Product Experience Specification\n' +
      '\n' +
      '**Authority:** PDP-3 proposal over PDP-0, PDP-1, and PDP-2\\\n' +
      '**Acceptance:** proposal; depends on accepted PDP-2 and full experience review; no complete-experience acceptance is recorded\\\n' +
      '**Detailed work slices:** J-01 project setup, J-02 artifact intake, J-20 job observation/recovery, and `media.lane.transcribe-and-correct-captions`\n' +
      '**Lane media scope:** Audio sources only; video audio-extraction and source-time mapping are outside this slice of J-03.\n' +
      '\n' +
      'PDP-3 specifies user-visible consequences independently of Explorer code.\n' +
      'The canonical meaning remains in PDP-0/PDP-1; reusable presentation rules\n' +
      'remain in PDP-2. The registries index all 47 canonical screens and all 30\n' +
      'journeys. J-01 has a proposal journey contract with five supporting\n' +
      'view fragments. J-02 has a proposal contract with five artifact/job view\n' +
      'fragments, seven metadata-only upload payloads, and three synthetic\n' +
      'verification-job payloads implemented in PDP-3. J-20 adds a proposed\n' +
      'transcription-job observation, cancellation, and policy-gated retry path through\n' +
      'the shared `media.view.job-status` contract; owner job-runtime bindings remain\n' +
      'unbound. Retry requires a classified retryable attempt and fresh authority,\n' +
      'policy, and budget checks; the local fixture CLI does not execute it.\n' +
      'J-03 retains its audio-only lane contract. J-29 and J-30 are explicit extension\n' +
      'contracts. These do not close the full screen denominator: complete\n' +
      'action/state/scenario/channel coverage across the 28 plan-baseline journeys and\n' +
      'active J-29/J-30 extensions (30 total), API wire\n' +
      'bindings, journey-wide CLI behavior, and embedded-host behavior remain open.\n' +
      'All authored screen action intents now resolve to intent-based proposal action\n' +
      'references. A direct, source-checked action-capability-to-PDP-0 requirement\n' +
      'crosswalk exists for 21 of 47 screens and for all 18 action-bearing journey\n' +
      'steps; the other 26 screens have no direct action-capability requirement\n' +
      'crosswalk in the current registries. These are proposed references, not\n' +
      'semantic acceptance. Detailed action effects, authority, component\n' +
      'interactions, state transitions, and owner approval remain open. All 28\n' +
      'plan-baseline journey files are PDP-0-grounded proposals with ordered screen\n' +
      'references; J-29 and J-30 are explicit extension contracts. These are not\n' +
      'complete or accepted contracts. PXD-036 selects exact intent, view, and screen\n' +
      'contract references for every J-29/J-30 step, yielding 130/130 source-linked\n' +
      'steps while leaving actions, operations, state, authority, transitions,\n' +
      'verification, and screen admission open. PXD-028 historically approved 41 exact top-level\n' +
      'template/layout links; PXD-037 reviewed the six remaining purposes and approved\n' +
      'five new central templates plus three layouts, bringing the definition mapping\n' +
      'to 47 of 47 screens. These links organize reusable Media screen composition\n' +
      'proposals; zero screen compositions are admitted, and Shared component/runtime\n' +
      'admission remains separate. The local\n' +
      'CLI covers selected J-02 upload inspection/resume, existing-job status viewing and\n' +
      'outcome checking, and J-20 transcription-job cancellation through the shared\n' +
      'reducer; the proposed retry command is not implemented in the fixture CLI. The\n' +
      'CLI does not transfer file bytes or watch a live job stream.\n' +
      '\n' +
      '## Detailed outcome\n' +
      '\n' +
      'A creator or editor selects an authorized audio source version, requests speech\n' +
      'recognition when consent and policy allow it, reviews recognized text and its\n' +
      'timing, corrects caption text or timing, and commits a new immutable caption\n' +
      'version. The original source remains unchanged. Recognition uncertainty,\n' +
      'missing alignment, consent revocation, and unknown remote finality are explicit\n' +
      'states with safe next actions.\n' +
      '\n' +
      'The lane uses `media.goal.understand-media`, `media.goal.review-trustworthy-output`,\n' +
      '`media.intent.understand`, and PDP-0 journey `J-03`. It does not claim a\n' +
      'supported locale, a callable wire route, provider availability, or a qualified\n' +
      'runtime. API wire bindings remain open under `GAP-05`; complete Tools validation\n' +
      'and Explorer bindings remain open under `GAP-MEDIA-TOOLS-SCHEMA-BINDING` and\n' +
      '`GAP-11`. The generated ExperienceSpecification v1\n' +
      '(`ghatana.experience-specification.v1`) candidate passes structural schema\n' +
      'validation and the available public `@ghatana/experience-specification`\n' +
      'validator. It still reports five\n' +
      'semantic field blockers and does not constitute full PDP-3 validation or\n' +
      'acceptance.\n' +
      '\n' +
      '## Reading the specification\n' +
      '\n' +
      '- `screen-registry.yaml` indexes the 47 canonical screen denominator with\n' +
      '  intent-based Media IDs; `screen-contracts/` also retains the separate\n' +
      '  artifact-verification job-family specialization file.\n' +
      '- `screen-contracts/` contains source-derived contracts for all 47 canonical\n' +
      '  screens. Capability and requirement references are checked against the\n' +
      '  Action Registry and PDP-0; unresolved operation/effect, domain-state, and\n' +
      '  behavioral-oracle links remain proposal-only. Full behavior binding, owner\n' +
      '  review, and acceptance remain pending.\n' +
      '- `journey-contracts/` contains proposals for the 28 plan-baseline journeys\n' +
      '  plus active J-29/J-30 extension contracts (30 total). The baseline proposals\n' +
      '  record PDP-0 outcomes and ordered screen references. Direct capability and\n' +
      '  requirement references resolve for 18 of 18 action-bearing steps across the\n' +
      '  four authored action-bearing journey contracts; canonical operation/state,\n' +
      '  oracle/fixture, scenario/channel, and owner-review bindings remain incomplete.\n' +
      '- Registries and bindings define action identity, component interactions,\n' +
      '  state projection, CLI/API parity, realistic synthetic scenarios, and recovery.\n' +
      '- `scenario-fixture-registry.yaml` references PDP-3 fixture content; it does\n' +
      '  not duplicate fixture payloads.\n' +
      '- `generated/experience-specification.candidate.json` is a schema-valid\n' +
      '  candidate that passes its available public validator. It projects 31\n' +
      '  component contracts, 47 views, 30 journey records with 130 of 130 source\n' +
      '  steps, 20 interactions,\n' +
      '  428 states, 1 exact source-bound upload transition, 147 actions, 145 effects, 145 finality candidates,\n' +
      '  5 recovery records, 31 scenarios, 31 fixture descriptors, 3 search\n' +
      '  definitions, and 5 inspection definitions. Its five semantic blockers are\n' +
      '  `journeys`, `transitions`, `actions`, `effects`, and `finality`; the file records exact reasons and source refs.\n' +
      '  PXD-052 supplies the exact public mapping for all five existing manual recovery\n' +
      '  records and one immutable project-reference effect/finality definition. Conditional\n' +
      '  upload reversal and unknown read reversibility remain explicitly unprojected; no\n' +
      '  executable recovery or canonical attachment operation is admitted.\n' +
      '  PXD-058 through PXD-061 define only J-03 steps 7 and 8: immutable caption\n' +
      '  registration and exact-pair comparison, including same-request reconciliation.\n' +
      '  Registration is separate from review approval; internal provenance is not export.\n' +
      '  UNKNOWN comparison reversibility remains unprojected. The first six J-03 steps\n' +
      '  retained their prior definitions in that caption batch. PXD-062 through PXD-065\n' +
      '  now define only existing J03-4 exact transcript-version inspection, preserving\n' +
      '  missing timing and supplied uncertainty, with no approval or new processing.\n' +
      '  PXD-066 through PXD-069 now define existing J03-5/6 session-local correction\n' +
      '  and manual tick alignment, including guarded revisions, undo and new-identity\n' +
      '  rebase. Manual timing does not satisfy forced alignment. PXD-070 through\n' +
      '  PXD-073 define J03-2 audio request acceptance and same-key receipt recovery;\n' +
      '  a receipt does not assert recognition completion or a canonical job state.\n' +
      '  J03-1/3 still need individual source semantics; runtime verification remains\n' +
      '  not-run.\n' +
      '  Four J-29 step intents and all eight J-29/J-30 step-view links are now explicit\n' +
      '  Media owner selections from the source intent and view inventories. All 130\n' +
      '  steps project as partial proposals; these links do not admit screens or\n' +
      '  establish action, effect, or transition behavior. Empty\n' +
      '  `transitionRefs` arrays are schema placeholders, while source transitions are\n' +
      '  unresolved. Action/effect/state links and the other semantic blockers remain\n' +
      '  open. This candidate does not imply full PDP-3 acceptance, owner or\n' +
      '  independent review, or Lifecycle currentness and closure.\n' +
      '\n' +
      "The reviewed plan's legacy `M-*` view IDs remain crosswalk references. New\n" +
      'view, action, CLI-command, and scenario identifiers follow the canonical\n' +
      'naming policy in PDP-0 `glossary.yaml`; their human-readable labels describe\n' +
      "the user's outcome or next action. No provider, model, or codec appears in the\n" +
      'ordinary workflow.\n' +
      '\n' +
      '## Phase status\n' +
      '\n' +
      'All records are proposals that require upstream acceptance and role review.\n' +
      'The registries expose the full view and journey denominator. J-01 and J-02\n' +
      'have partial baseline-view and journey contracts; J-20 has a transcription\n' +
      'job-state slice; the selected audio slice of J-03 has lane-specific contracts.\n' +
      'The full baseline-view denominator is authored, while complete journey,\n' +
      'channel, action, state, copy, fixture, and owner-review coverage remains an\n' +
      'explicit completion gap. This work does not pass\n' +
      'the PDP-3 acceptance gate.\n' +
      '\n' +
      '## Authority, dependencies, review, and proof\n' +
      '\n' +
      'The complete PDP-3 artifact inventory and stable IDs are indexed by\n' +
      '[`../source-manifest.yaml`](../source-manifest.yaml) and\n' +
      '[`../artifact-identities.yaml`](../artifact-identities.yaml). The primary\n' +
      'registries are `screen-registry.yaml`, `journey-registry.yaml`,\n' +
      '`action-registry.yaml`, `interaction-registry.yaml`,\n' +
      '`application-channel-registry.yaml`, `scenario-fixture-registry.yaml`,\n' +
      '`data-view-contracts.yaml`, `state-transition-bindings.yaml`,\n' +
      '`recovery-finality-contracts.yaml`, `responsive-variants.yaml`,\n' +
      '`navigation-contracts.yaml`, `search-inspection-contracts.yaml`, and\n' +
      '`experience-source-bindings.yaml`. API, CLI, gRPC, event, and Agent Tool\n' +
      'surfaces are indexed in their respective registries and binding files; detailed\n' +
      'screen and journey proposals rema'... 1584 more characters
    
  code: 'ERR_ASSERTION'
  name: 'AssertionError'
  expected:
  actual: |-
    # Media Product Experience Specification
    
    **Authority:** PDP-3 proposal over PDP-0, PDP-1, and PDP-2\
    **Acceptance:** proposal; depends on accepted PDP-2 and full experience review; no complete-experience acceptance is recorded\
    **Detailed work slices:** J-01 project setup, J-02 artifact intake, J-20 job observation/recovery, and `media.lane.transcribe-and-correct-captions`
    **Lane media scope:** Audio sources only; video audio-extraction and source-time mapping are outside this slice of J-03.
    
    PDP-3 specifies user-visible consequences independently of Explorer code.
    The canonical meaning remains in PDP-0/PDP-1; reusable presentation rules
    remain in PDP-2. The registries index all 47 canonical screens and all 30
    journeys. J-01 has a proposal journey contract with five supporting
    view fragments. J-02 has a proposal contract with five artifact/job view
    fragments, seven metadata-only upload payloads, and three synthetic
    verification-job payloads implemented in PDP-3. J-20 adds a proposed
    transcription-job observation, cancellation, and policy-gated retry path through
    the shared `media.view.job-status` contract; owner job-runtime bindings remain
    unbound. Retry requires a classified retryable attempt and fresh authority,
    policy, and budget checks; the local fixture CLI does not execute it.
    J-03 retains its audio-only lane contract. J-29 and J-30 are explicit extension
    contracts. These do not close the full screen denominator: complete
    action/state/scenario/channel coverage across the 28 plan-baseline journeys and
    active J-29/J-30 extensions (30 total), API wire
    bindings, journey-wide CLI behavior, and embedded-host behavior remain open.
    All authored screen action intents now resolve to intent-based proposal action
    references. A direct, source-checked action-capability-to-PDP-0 requirement
    crosswalk exists for 21 of 47 screens and for all 18 action-bearing journey
    steps; the other 26 screens have no direct action-capability requirement
    crosswalk in the current registries. These are proposed references, not
    semantic acceptance. Detailed action effects, authority, component
    interactions, state transitions, and owner approval remain open. All 28
    plan-baseline journey files are PDP-0-grounded proposals with ordered screen
    references; J-29 and J-30 are explicit extension contracts. These are not
    complete or accepted contracts. PXD-036 selects exact intent, view, and screen
    contract references for every J-29/J-30 step, yielding 130/130 source-linked
    steps while leaving actions, operations, state, authority, transitions,
    verification, and screen admission open. PXD-028 historically approved 41 exact top-level
    template/layout links; PXD-037 reviewed the six remaining purposes and approved
    five new central templates plus three layouts, bringing the definition mapping
    to 47 of 47 screens. These links organize reusable Media screen composition
    proposals; zero screen compositions are admitted, and Shared component/runtime
    admission remains separate. The local
    CLI covers selected J-02 upload inspection/resume, existing-job status viewing and
    outcome checking, and J-20 transcription-job cancellation through the shared
    reducer; the proposed retry command is not implemented in the fixture CLI. The
    CLI does not transfer file bytes or watch a live job stream.
    
    ## Detailed outcome
    
    A creator or editor selects an authorized audio source version, requests speech
    recognition when consent and policy allow it, reviews recognized text and its
    timing, corrects caption text or timing, and commits a new immutable caption
    version. The original source remains unchanged. Recognition uncertainty,
    missing alignment, consent revocation, and unknown remote finality are explicit
    states with safe next actions.
    
    The lane uses `media.goal.understand-media`, `media.goal.review-trustworthy-output`,
    `media.intent.understand`, and PDP-0 journey `J-03`. It does not claim a
    supported locale, a callable wire route, provider availability, or a qualified
    runtime. API wire bindings remain open under `GAP-05`; complete Tools validation
    and Explorer bindings remain open under `GAP-MEDIA-TOOLS-SCHEMA-BINDING` and
    `GAP-11`. The generated ExperienceSpecification v1
    (`ghatana.experience-specification.v1`) candidate passes structural schema
    validation and the available public `@ghatana/experience-specification`
    validator. It still reports five
    semantic field blockers and does not constitute full PDP-3 validation or
    acceptance.
    
    ## Reading the specification
    
    - `screen-registry.yaml` indexes the 47 canonical screen denominator with
      intent-based Media IDs; `screen-contracts/` also retains the separate
      artifact-verification job-family specialization file.
    - `screen-contracts/` contains source-derived contracts for all 47 canonical
      screens. Capability and requirement references are checked against the
      Action Registry and PDP-0; unresolved operation/effect, domain-state, and
      behavioral-oracle links remain proposal-only. Full behavior binding, owner
      review, and acceptance remain pending.
    - `journey-contracts/` contains proposals for the 28 plan-baseline journeys
      plus active J-29/J-30 extension contracts (30 total). The baseline proposals
      record PDP-0 outcomes and ordered screen references. Direct capability and
      requirement references resolve for 18 of 18 action-bearing steps across the
      four authored action-bearing journey contracts; canonical operation/state,
      oracle/fixture, scenario/channel, and owner-review bindings remain incomplete.
    - Registries and bindings define action identity, component interactions,
      state projection, CLI/API parity, realistic synthetic scenarios, and recovery.
    - `scenario-fixture-registry.yaml` references PDP-3 fixture content; it does
      not duplicate fixture payloads.
    - `generated/experience-specification.candidate.json` is a schema-valid
      candidate that passes its available public validator. It projects 31
      component contracts, 47 views, 30 journey records with 130 of 130 source
      steps, 20 interactions,
      428 states, 1 exact source-bound upload transition, 147 actions, 145 effects, 145 finality candidates,
      5 recovery records, 31 scenarios, 31 fixture descriptors, 3 search
      definitions, and 5 inspection definitions. Its five semantic blockers are
      `journeys`, `transitions`, `actions`, `effects`, and `finality`; the file records exact reasons and source refs.
      PXD-052 supplies the exact public mapping for all five existing manual recovery
      records and one immutable project-reference effect/finality definition. Conditional
      upload reversal and unknown read reversibility remain explicitly unprojected; no
      executable recovery or canonical attachment operation is admitted.
      PXD-058 through PXD-061 define only J-03 steps 7 and 8: immutable caption
      registration and exact-pair comparison, including same-request reconciliation.
      Registration is separate from review approval; internal provenance is not export.
      UNKNOWN comparison reversibility remains unprojected. The first six J-03 steps
      retained their prior definitions in that caption batch. PXD-062 through PXD-065
      now define only existing J03-4 exact transcript-version inspection, preserving
      missing timing and supplied uncertainty, with no approval or new processing.
      PXD-066 through PXD-069 now define existing J03-5/6 session-local correction
      and manual tick alignment, including guarded revisions, undo and new-identity
      rebase. Manual timing does not satisfy forced alignment. PXD-070 through
      PXD-073 define J03-2 audio request acceptance and same-key receipt recovery;
      a receipt does not assert recognition completion or a canonical job state.
      J03-1/3 still need individual source semantics; runtime verification remains
      not-run.
      Four J-29 step intents and all eight J-29/J-30 step-view links are now explicit
      Media owner selections from the source intent and view inventories. All 130
      steps project as partial proposals; these links do not admit screens or
      establish action, effect, or transition behavior. Empty
      `transitionRefs` arrays are schema placeholders, while source transitions are
      unresolved. Action/effect/state links and the other semantic blockers remain
      open. This candidate does not imply full PDP-3 acceptance, owner or
      independent review, or Lifecycle currentness and closure.
    
    The reviewed plan's legacy `M-*` view IDs remain crosswalk references. New
    view, action, CLI-command, and scenario identifiers follow the canonical
    naming policy in PDP-0 `glossary.yaml`; their human-readable labels describe
    the user's outcome or next action. No provider, model, or codec appears in the
    ordinary workflow.
    
    ## Phase status
    
    All records are proposals that require upstream acceptance and role review.
    The registries expose the full view and journey denominator. J-01 and J-02
    have partial baseline-view and journey contracts; J-20 has a transcription
    job-state slice; the selected audio slice of J-03 has lane-specific contracts.
    The full baseline-view denominator is authored, while complete journey,
    channel, action, state, copy, fixture, and owner-review coverage remains an
    explicit completion gap. This work does not pass
    the PDP-3 acceptance gate.
    
    ## Authority, dependencies, review, and proof
    
    The complete PDP-3 artifact inventory and stable IDs are indexed by
    [`../source-manifest.yaml`](../source-manifest.yaml) and
    [`../artifact-identities.yaml`](../artifact-identities.yaml). The primary
    registries are `screen-registry.yaml`, `journey-registry.yaml`,
    `action-registry.yaml`, `interaction-registry.yaml`,
    `application-channel-registry.yaml`, `scenario-fixture-registry.yaml`,
    `data-view-contracts.yaml`, `state-transition-bindings.yaml`,
    `recovery-finality-contracts.yaml`, `responsive-variants.yaml`,
    `navigation-contracts.yaml`, `search-inspection-contracts.yaml`, and
    `experience-source-bindings.yaml`. API, CLI, gRPC, event, and Agent Tool
    surfaces are indexed in their respective registries and binding files; detailed
    screen and journey proposals remain in `screen-contracts/` and
    `journey-contracts/`.
    
    PXD-028 historically approved 41 top-level links and withheld six mismatches.
    PXD-037 selects exact purpose-matched central catalog links for the remaining
    six, completing the 47-screen source mapping. Both decisions concern top-level
    template/layout identities only; no screen composition or per-screen recipe
    binding is admitted.
    
    PDP-3 depends on accepted PDP-2; upstream source and dependency boundaries are
    in [`../authority-map.yaml`](../authority-map.yaml),
    [`../traceability.yaml`](../traceability.yaml),
    [`../gaps.yaml`](../gaps.yaml), and
    [`../acceptance.yaml`](../acceptance.yaml) (`ACCEPT-INPUT-PDP-3`). Its named
    review roles are UX information architect, product UX/distributed-systems
    analyst, generation/editing/quality experience lead, animation/simulation/
    domain-integration architect, audio/speech/streaming experience lead, and
    API/SDK/CLI contract owner. P0-010, independent experience review, Shared/Tools
    publication and validation, external owner decisions, and Lifecycle evidence
    remain separate pending gates.
    
    Current local proof inputs include
    `tests/pdp-3-screen-journey-crosslinks.test.mjs`,
    `tests/pdp-2-experience-language-projection.test.mjs`,
    `tests/product-definition-authority.test.mjs`,
    `pnpm check:product-experience-local`, and
    `node ../../scripts/generate-media-phase-projections.mjs --check --strict`.
    These checks validate source structure and available public schemas; they do
    not establish semantic acceptance, execution behavior, independent review,
    or Lifecycle currentness/receipts.
    
  operator: 'match'
  stack: |-
    TestContext.<anonymous> (file:///home/samujjwal/Developments/media-pdp38-frozen-review-aqprzo2z/ghatana-media/tests/pdp-3-overview-denominator.test.mjs:38:10)
    Test.runInAsyncScope (node:async_hooks:214:14)
    Test.run (node:internal/test_runner/test:1047:25)
    Test.start (node:internal/test_runner/test:944:17)
    startSubtestAfterBootstrap (node:internal/test_runner/harness:296:17)
  ...
# Subtest: P3-05 scenario and fixture denominator preserves source-linked and blocked populations
ok 485 - P3-05 scenario and fixture denominator preserves source-linked and blocked populations
  ---
  duration_ms: 1017.72694
  type: 'test'
  ...
# Subtest: P3-05 source start-state links match exact simulation seed fields without implying state acceptance
ok 486 - P3-05 source start-state links match exact simulation seed fields without implying state acceptance
  ---
  duration_ms: 5.585028
  type: 'test'
  ...
# Subtest: PDP-3 screen and journey contracts preserve exact registry cross-links
ok 487 - PDP-3 screen and journey contracts preserve exact registry cross-links
  ---
  duration_ms: 20799.983701
  type: 'test'
  ...
# Subtest: PDP-3 coverage preserves historical action counts and exposes current per-step dispositions
ok 488 - PDP-3 coverage preserves historical action counts and exposes current per-step dispositions
  ---
  duration_ms: 3609.91854
  type: 'test'
  ...
# Subtest: PDP-3 cross-link assertions reject stale, orphan, and duplicate references
ok 489 - PDP-3 cross-link assertions reject stale, orphan, and duplicate references
  ---
  duration_ms: 2.578048
  type: 'test'
  ...
# Subtest: PDP-3 actor projection rejects inferred initiators and invented actors
ok 490 - PDP-3 actor projection rejects inferred initiators and invented actors
  ---
  duration_ms: 0.477979
  type: 'test'
  ...
# Subtest: PDP-3 J-29/J-30 step views use exact owner-selected source contracts and preserve proposal status
ok 491 - PDP-3 J-29/J-30 step views use exact owner-selected source contracts and preserve proposal status
  ---
  duration_ms: 205.78429
  type: 'test'
  ...
# Subtest: J-02 upload workflow binds exact slices and preserves verification authority
ok 492 - J-02 upload workflow binds exact slices and preserves verification authority
  ---
  duration_ms: 12829.78804
  type: 'test'
  ...
# Subtest: PDP-3 navigation-only steps reject operation placeholders
ok 493 - PDP-3 navigation-only steps reject operation placeholders
  ---
  duration_ms: 0.889286
  type: 'test'
  ...
# Subtest: J-01 passive project reads admit only their exact source identity, view, and unadmitted QUERY
ok 494 - J-01 passive project reads admit only their exact source identity, view, and unadmitted QUERY
  ---
  duration_ms: 1.910384
  type: 'test'
  ...
# Subtest: PDP-3 step operation candidates follow the explicit PDP-1 action crosswalk and remain proposals
ok 495 - PDP-3 step operation candidates follow the explicit PDP-1 action crosswalk and remain proposals
  ---
  duration_ms: 14259.472159
  type: 'test'
  ...
# Subtest: Media API error semantics bind exact retry, partial-output, and unknown-outcome meanings
ok 496 - Media API error semantics bind exact retry, partial-output, and unknown-outcome meanings
  ---
  duration_ms: 125.87535
  type: 'test'
  ...
# Subtest: error-semantics validation rejects lost uncertainty, retry, privacy, and partial-output clauses
ok 497 - error-semantics validation rejects lost uncertainty, retry, privacy, and partial-output clauses
  ---
  duration_ms: 3.357744
  type: 'test'
  ...
# Subtest: asynchronous Media grammar separates request, job, effect, output, and finality
ok 498 - asynchronous Media grammar separates request, job, effect, output, and finality
  ---
  duration_ms: 11893.421132
  type: 'test'
  ...
# Subtest: async contract tests reject false completion, unbounded observation, and parent-child authority leakage
ok 499 - async contract tests reject false completion, unbounded observation, and parent-child authority leakage
  ---
  duration_ms: 2.786105
  type: 'test'
  ...
# Subtest: group retry and child lifecycle rules preserve per-item identity, ambiguity, and owner retention scope
ok 500 - group retry and child lifecycle rules preserve per-item identity, ambiguity, and owner retention scope
  ---
  duration_ms: 1.882843
  type: 'test'
  ...
# Subtest: capability families are exact leaf groupings without inherited operations or readiness
ok 501 - capability families are exact leaf groupings without inherited operations or readiness
  ---
  duration_ms: 6.190876
  type: 'test'
  ...
# Subtest: Ctrl-C has exact local-observation semantics and does not imply remote cancellation or failure
ok 502 - Ctrl-C has exact local-observation semantics and does not imply remote cancellation or failure
  ---
  duration_ms: 7366.434931
  type: 'test'
  ...
# Subtest: all 47 selected screen compositions resolve central patterns, layouts, components, actions, and responsive grammar
ok 503 - all 47 selected screen compositions resolve central patterns, layouts, components, actions, and responsive grammar
  ---
  duration_ms: 344.424542
  type: 'test'
  ...
# Subtest: the reusable composition validator is part of actual source validation and enforces reciprocal catalogs
ok 504 - the reusable composition validator is part of actual source validation and enforces reciprocal catalogs
  ---
  duration_ms: 4747.759236
  type: 'test'
  ...
# Subtest: owner-defined PDP-3 actions participate in actual composition reference resolution
ok 505 - owner-defined PDP-3 actions participate in actual composition reference resolution
  ---
  duration_ms: 635.306327
  type: 'test'
  ...
# Subtest: composition validation rejects stale patterns, missing keyboard semantics, and local responsive overrides
ok 506 - composition validation rejects stale patterns, missing keyboard semantics, and local responsive overrides
  ---
  duration_ms: 108.938133
  type: 'test'
  ...
# Subtest: every uncertain action retains a template-level unknown-finality recovery pattern
ok 507 - every uncertain action retains a template-level unknown-finality recovery pattern
  ---
  duration_ms: 337.620205
  type: 'test'
  ...
# Subtest: central layout and accessibility rules retain critical facts at every density and color mode
ok 508 - central layout and accessibility rules retain critical facts at every density and color mode
  ---
  duration_ms: 25.555735
  type: 'test'
  ...
# Subtest: all 28 contract-only component families have typed, meaningful Media source definitions
ok 509 - all 28 contract-only component families have typed, meaningful Media source definitions
  ---
  duration_ms: 4559.858628
  type: 'test'
  ...
# Subtest: every family rejects a missing material field, an untyped field, and a missing semantic invariant
ok 510 - every family rejects a missing material field, an untyped field, and a missing semantic invariant
  ---
  duration_ms: 7262.689274
  type: 'test'
  ...
# Subtest: all 28 closed schemas validate positive values and reject invalid field types and contradictory state/variant pairs
ok 511 - all 28 closed schemas validate positive values and reject invalid field types and contradictory state/variant pairs
  ---
  duration_ms: 1039.585091
  type: 'test'
  ...
# Subtest: identity readiness requires an exact resolved upstream context tuple
ok 512 - identity readiness requires an exact resolved upstream context tuple
  ---
  duration_ms: 395.126636
  type: 'test'
  ...
# Subtest: typed schema validators refresh when the current source bytes change
ok 513 - typed schema validators refresh when the current source bytes change
  ---
  duration_ms: 1929.370618
  type: 'test'
  ...
# Subtest: rational clock values and half-open intervals enforce exact bounded semantics
ok 514 - rational clock values and half-open intervals enforce exact bounded semantics
  ---
  duration_ms: 200.666035
  type: 'test'
  ...
# Subtest: public-source dispositions remain distinct and are not mislabeled as typed Media contracts
ok 515 - public-source dispositions remain distinct and are not mislabeled as typed Media contracts
  ---
  duration_ms: 0.482104
  type: 'test'
  ...
# Subtest: current method/path/action source matrix binds finite identities to owner and implementation evidence without parity promotion
ok 516 - current method/path/action source matrix binds finite identities to owner and implementation evidence without parity promotion
  ---
  duration_ms: 721.557834
  type: 'test'
  ...
# Subtest: HTTP health and diagnostic identities have exact source-backed transport dispositions
ok 517 - HTTP health and diagnostic identities have exact source-backed transport dispositions
  ---
  duration_ms: 108.770639
  type: 'test'
  ...
# Subtest: HTTP identities carry exact route, request/result, role, and bounded-or-candidate operation evidence
ok 518 - HTTP identities carry exact route, request/result, role, and bounded-or-candidate operation evidence
  ---
  duration_ms: 13081.392407
  type: 'test'
  ...
# Subtest: HTTP crosswalk rejects semantic drift even when an identity and route still exist
ok 519 - HTTP crosswalk rejects semantic drift even when an identity and route still exist
  ---
  duration_ms: 64.625308
  type: 'test'
  ...
# Subtest: gRPC transport and provider administration methods partition the exact observed service inventory
ok 520 - gRPC transport and provider administration methods partition the exact observed service inventory
  ---
  duration_ms: 13781.809884
  type: 'test'
  ...
# Subtest: gRPC crosswalk rejects request/result or streaming drift and invented domain equivalence
ok 521 - gRPC crosswalk rejects request/result or streaming drift and invented domain equivalence
  ---
  duration_ms: 2.522415
  type: 'test'
  ...
# Subtest: gRPC identities retain every exact request/result field while leaving semantic field parity open
ok 522 - gRPC identities retain every exact request/result field while leaving semantic field parity open
  ---
  duration_ms: 13125.024575
  type: 'test'
  ...
# Subtest: TTS profile RPCs remain provider-engine administration and feedback remains explicitly unimplemented
ok 523 - TTS profile RPCs remain provider-engine administration and feedback remains explicitly unimplemented
  ---
  duration_ms: 9.655557
  type: 'test'
  ...
# Subtest: STT file-transcription candidate records the exact canonical adapter gaps and rejects false parity
ok 524 - STT file-transcription candidate records the exact canonical adapter gaps and rejects false parity
  ---
  duration_ms: 3.09902
  type: 'test'
  ...
# Subtest: STT streaming candidate separates transport chunks from canonical versioned-stream inputs and receipts
ok 525 - STT streaming candidate separates transport chunks from canonical versioned-stream inputs and receipts
  ---
  duration_ms: 2.214972
  type: 'test'
  ...
# Subtest: STT correction acknowledgement stub cannot be promoted to a canonical correction effect
ok 526 - STT correction acknowledgement stub cannot be promoted to a canonical correction effect
  ---
  duration_ms: 1.05431
  type: 'test'
  ...
# Subtest: STT profile and adaptation identities retain source-exact effects while canonical ownership remains unresolved
ok 527 - STT profile and adaptation identities retain source-exact effects while canonical ownership remains unresolved
  ---
  duration_ms: 1.378668
  type: 'test'
  ...
# Subtest: TTS synthesis remains a family candidate because its implementation lacks canonical authority and durable receipts
ok 528 - TTS synthesis remains a family candidate because its implementation lacks canonical authority and durable receipts
  ---
  duration_ms: 0.842396
  type: 'test'
  ...
# Subtest: TTS voice cloning remains unadmitted until exact voice-rights and enrollment-source semantics exist
ok 529 - TTS voice cloning remains unadmitted until exact voice-rights and enrollment-source semantics exist
  ---
  duration_ms: 0.701482
  type: 'test'
  ...
# Subtest: parity inventory fails closed on duplicate or stale disposition identities
ok 530 - parity inventory fails closed on duplicate or stale disposition identities
  ---
  duration_ms: 0.928515
  type: 'test'
  ...
# Subtest: Media interface grammar resolves every source and preserves the complete finality safety vocabulary
ok 531 - Media interface grammar resolves every source and preserves the complete finality safety vocabulary
  ---
  duration_ms: 8.110144
  type: 'test'
  ...
# Subtest: legacy and candidate SDK paths stay explicitly unadmitted when absent from the active route manifest
ok 532 - legacy and candidate SDK paths stay explicitly unadmitted when absent from the active route manifest
  ---
  duration_ms: 0.804156
  type: 'test'
  ...
# Subtest: remaining machine-channel identities are finite, source-backed, and explicitly non-accepted
ok 533 - remaining machine-channel identities are finite, source-backed, and explicitly non-accepted
  ---
  duration_ms: 157.903797
  type: 'test'
  ...
# Subtest: client callbacks and UI action intents are not canonical lifecycle events
ok 534 - client callbacks and UI action intents are not canonical lifecycle events
  ---
  duration_ms: 4.711543
  type: 'test'
  ...
# Subtest: all UI action effect contracts are source-exact and stay separate from operation acceptance
ok 535 - all UI action effect contracts are source-exact and stay separate from operation acceptance
  ---
  duration_ms: 16.168085
  type: 'test'
  ...
# Subtest: runtime lifecycle events and client notifications keep their distinct exact source roles
ok 536 - runtime lifecycle events and client notifications keep their distinct exact source roles
  ---
  duration_ms: 1.003646
  type: 'test'
  ...
# Subtest: fixture CLI crosswalk rejects a different parser action and production-scope promotion
ok 537 - fixture CLI crosswalk rejects a different parser action and production-scope promotion
  ---
  duration_ms: 0.799714
  type: 'test'
  ...
# Subtest: SDK crosswalk rejects wrong leaf bindings, client-local promotion, and unadmitted retry
ok 538 - SDK crosswalk rejects wrong leaf bindings, client-local promotion, and unadmitted retry
  ---
  duration_ms: 0.880979
  type: 'test'
  ...
# Subtest: PDP-2 visual source keeps density, responsive safety, and accessibility meaning aligned
ok 539 - PDP-2 visual source keeps density, responsive safety, and accessibility meaning aligned
  ---
  duration_ms: 109.44484
  type: 'test'
  ...
# Subtest: presentation checks reject loss of guided choices, recovery visibility, or Shared authority boundaries
ok 540 - presentation checks reject loss of guided choices, recovery visibility, or Shared authority boundaries
  ---
  duration_ms: 72.539416
  type: 'test'
  ...
# Subtest: responsive references bind real representative views and preserve one semantic experience across widths
ok 541 - responsive references bind real representative views and preserve one semantic experience across widths
  ---
  duration_ms: 86.608614
  type: 'test'
  ...
# Subtest: responsive and comprehension grammar rejects missing safety facts, false view bindings, and acceptance claims
ok 542 - responsive and comprehension grammar rejects missing safety facts, false view bindings, and acceptance claims
  ---
  duration_ms: 256.791398
  type: 'test'
  ...
# Subtest: density profiles preserve the same behavior while stating the task-specific detail at each level
ok 543 - density profiles preserve the same behavior while stating the task-specific detail at each level
  ---
  duration_ms: 25.624165
  type: 'test'
  ...
# Subtest: responsive reference evidence covers only the implemented views and exact three bands
ok 544 - responsive reference evidence covers only the implemented views and exact three bands
  ---
  duration_ms: 15.272855
  type: 'test'
  ...
# Subtest: captured pixels and source/prop fingerprints match the recorded evidence
ok 545 - captured pixels and source/prop fingerprints match the recorded evidence
  ---
  duration_ms: 65.324204
  type: 'test'
  ...
# Subtest: critical composition facts are visible and unsupported rights view remains an explicit gap
ok 546 - critical composition facts are visible and unsupported rights view remains an explicit gap
  ---
  duration_ms: 5.765758
  type: 'test'
  ...
# Subtest: all 31 Media component families have an exact export or an explicit contract-only disposition
ok 547 - all 31 Media component families have an exact export or an explicit contract-only disposition
  ---
  duration_ms: 5.5916
  type: 'test'
  ...
# Subtest: screen candidates, partial Shared reuse, and similar component exports never become family equivalence
ok 548 - screen candidates, partial Shared reuse, and similar component exports never become family equivalence
  ---
  duration_ms: 2.871027
  type: 'test'
  ...
# Subtest: event definitions preserve source roles and do not promote observed transport into event acceptance
ok 549 - event definitions preserve source roles and do not promote observed transport into event acceptance
  ---
  duration_ms: 52.493324
  type: 'test'
  ...
# Subtest: event owner rules reject false durability, role conflation, and privacy weakening
ok 550 - event owner rules reject false durability, role conflation, and privacy weakening
  ---
  duration_ms: 27.056364
  type: 'test'
  ...
# Subtest: 254 step-guard instances have typed positive, denial, unknown and valid-foreign fixtures
ok 551 - 254 step-guard instances have typed positive, denial, unknown and valid-foreign fixtures
  ---
  duration_ms: 13854.739271
  type: 'test'
  ...
# Subtest: retry budget and authoring validators reject exhausted, foreign, and malformed evidence
ok 552 - retry budget and authoring validators reject exhausted, foreign, and malformed evidence
  ---
  duration_ms: 37.762053
  type: 'test'
  ...
# Subtest: all 146 PDP-3 actions retain exact authored actor, guard, effect, finality, and recovery source
ok 553 - all 146 PDP-3 actions retain exact authored actor, guard, effect, finality, and recovery source
  ---
  duration_ms: 12.42139
  type: 'test'
  ...
# Subtest: experience candidate projects the exact PXD-083 Media required-prop source set
ok 554 - experience candidate projects the exact PXD-083 Media required-prop source set
  ---
  duration_ms: 4.132762
  type: 'test'
  ...
# Subtest: existing public prop projection remains exactly source-bound
ok 555 - existing public prop projection remains exactly source-bound
  ---
  duration_ms: 0.671484
  type: 'test'
  ...
# Subtest: PDP-3 component projection preserves contract-only and observed export identity as separate dispositions
ok 556 - PDP-3 component projection preserves contract-only and observed export identity as separate dispositions
  ---
  duration_ms: 2.739561
  type: 'test'
  ...
# Subtest: component source disposition rejects missing, overlapping, and implementation-promoting records
ok 557 - component source disposition rejects missing, overlapping, and implementation-promoting records
  ---
  duration_ms: 16.856225
  type: 'test'
  ...
# Subtest: PDP-3 typed action semantics project only exact owner definitions
ok 558 - PDP-3 typed action semantics project only exact owner definitions
  ---
  duration_ms: 12.576861
  type: 'test'
  ...
# Subtest: PDP-3 typed action mapping rejects stale decision, effect, role, and operation identities
ok 559 - PDP-3 typed action mapping rejects stale decision, effect, role, and operation identities
  ---
  duration_ms: 38.647282
  type: 'test'
  ...
# Subtest: Media identity adapter envelope stays typed and Shared wire names remain pending
ok 560 - Media identity adapter envelope stays typed and Shared wire names remain pending
  ---
  duration_ms: 5.100985
  type: 'test'
  ...
# Subtest: anonymous initiation and authenticated workspace selection use distinct trusted host contexts
ok 561 - anonymous initiation and authenticated workspace selection use distinct trusted host contexts
  ---
  duration_ms: 14.452406
  type: 'test'
  ...
# Subtest: identity requests reject injected credentials, caller claims, unsafe routes, and malformed host options
ok 562 - identity requests reject injected credentials, caller claims, unsafe routes, and malformed host options
  ---
  duration_ms: 0.575223
  type: 'test'
  ...
# Subtest: all result outcomes stay bound to nonce and return route before affecting the view
ok 563 - all result outcomes stay bound to nonce and return route before affecting the view
  ---
  duration_ms: 0.898056
  type: 'test'
  ...
# Subtest: exact owner pin, identity, membership, clock and expiry are required for an acceptable fixture
ok 564 - exact owner pin, identity, membership, clock and expiry are required for an acceptable fixture
  ---
  duration_ms: 1.193404
  type: 'test'
  ...
# Subtest: the approved journey cohort has exact source-pinned owner rule records and preserves its proposal
ok 565 - the approved journey cohort has exact source-pinned owner rule records and preserves its proposal
  ---
  duration_ms: 2996.956419
  type: 'test'
  ...
# Subtest: every migration rule has executable positive, falsifying, and missing-fact oracle cases
ok 566 - every migration rule has executable positive, falsifying, and missing-fact oracle cases
  ---
  duration_ms: 111.375929
  type: 'test'
  ...
# Subtest: the three corrected rules preserve exact source meaning
ok 567 - the three corrected rules preserve exact source meaning
  ---
  duration_ms: 96.448429
  type: 'test'
  ...
# Subtest: partial cancellation, security, remote-finality and offline outcomes stay independently truthful
ok 568 - partial cancellation, security, remote-finality and offline outcomes stay independently truthful
  ---
  duration_ms: 87.991183
  type: 'test'
  ...
# Subtest: PDP-1 operation selectors resolve exact array records and reject dotted pseudo-identities
ok 569 - PDP-1 operation selectors resolve exact array records and reject dotted pseudo-identities
  ---
  duration_ms: 2.398844
  type: 'test'
  ...
# Subtest: each PDP-1 journey operation join is projected with exact operation, object, state, authority, and requirement refs
ok 570 - each PDP-1 journey operation join is projected with exact operation, object, state, authority, and requirement refs
  ---
  duration_ms: 24.93811
  type: 'test'
  ...
# Subtest: PDP-3 step bindings reject different but valid same-source identities and reordered commands
ok 571 - PDP-3 step bindings reject different but valid same-source identities and reordered commands
  ---
  duration_ms: 5.129031
  type: 'test'
  ...
# Subtest: artifact state observation is a supporting read, never artifact availability or erase finality
ok 572 - artifact state observation is a supporting read, never artifact availability or erase finality
  ---
  duration_ms: 1.19397
  type: 'test'
  ...
# Subtest: each local step has a distinct exact session-local contract, never a canonical product mutation
ok 573 - each local step has a distinct exact session-local contract, never a canonical product mutation
  ---
  duration_ms: 261.527913
  type: 'test'
  ...
# Subtest: local effects fail closed for stale, mismatched, malformed, and unknown session/catalog evidence
ok 574 - local effects fail closed for stale, mismatched, malformed, and unknown session/catalog evidence
  ---
  duration_ms: 25.439594
  type: 'test'
  ...
# Subtest: selection and draft values cannot escape the closed local-session contract
ok 575 - selection and draft values cannot escape the closed local-session contract
  ---
  duration_ms: 1.091927
  type: 'test'
  ...
# Subtest: all 40 pending PDP-3 migration claims have individual owner rules and review candidates
ok 576 - all 40 pending PDP-3 migration claims have individual owner rules and review candidates
  ---
  duration_ms: 366.710063
  type: 'test'
  ...
# Subtest: refreshing target hashes cannot erase a claim-specific meaning predicate
ok 577 - refreshing target hashes cannot erase a claim-specific meaning predicate
  ---
  duration_ms: 2.126985
  type: 'test'
  ...
# Subtest: all forty source rules reject refreshed-hash removal of every reviewed material boundary
ok 578 - all forty source rules reject refreshed-hash removal of every reviewed material boundary
  ---
  duration_ms: 10.786799
  type: 'test'
  ...
# Subtest: rights observations bind exact decision kind, subject/purpose/use/region/retention, authority version and validity
ok 579 - rights observations bind exact decision kind, subject/purpose/use/region/retention, authority version and validity
  ---
  duration_ms: 257.629996
  type: 'test'
  ...
# Subtest: remaining rights labels bind exact rights, voice, approval and expiry dispositions
ok 580 - remaining rights labels bind exact rights, voice, approval and expiry dispositions
  ---
  duration_ms: 3.796993
  type: 'test'
  ...
# Subtest: quality observations derive a condition only from exact subject, requested metric and versioned method tuple
ok 581 - quality observations derive a condition only from exact subject, requested metric and versioned method tuple
  ---
  duration_ms: 100.212523
  type: 'test'
  ...
# Subtest: profile qualification requires exact profile/version/target/domain/provider/scope and current evidence window
ok 582 - profile qualification requires exact profile/version/target/domain/provider/scope and current evidence window
  ---
  duration_ms: 43.748188
  type: 'test'
  ...
# Subtest: unqualified profile labels require exact profile-version, target, domain, provider and scope tuples
ok 583 - unqualified profile labels require exact profile-version, target, domain, provider and scope tuples
  ---
  duration_ms: 2.00422
  type: 'test'
  ...
# Subtest: dubbing timing and synchronization labels use the exact AV-sync metric and never infer a failed measurement
ok 584 - dubbing timing and synchronization labels use the exact AV-sync metric and never infer a failed measurement
  ---
  duration_ms: 2.662483
  type: 'test'
  ...
# Subtest: declared options bind the exact requested declaration tuple and keep compatibility separate
ok 585 - declared options bind the exact requested declaration tuple and keep compatibility separate
  ---
  duration_ms: 18.92515
  type: 'test'
  ...
# Subtest: quality recommendation and repair-plan labels use complete exact-scope assessment records only
ok 586 - quality recommendation and repair-plan labels use complete exact-scope assessment records only
  ---
  duration_ms: 116.857537
  type: 'test'
  ...
# Subtest: language uncertainty is versioned and method-evidenced without a numeric confidence threshold
ok 587 - language uncertainty is versioned and method-evidenced without a numeric confidence threshold
  ---
  duration_ms: 60.760913
  type: 'test'
  ...
# Subtest: provenance observations bind requested relation coverage and exact subject version without inferring global completeness
ok 588 - provenance observations bind requested relation coverage and exact subject version without inferring global completeness
  ---
  duration_ms: 41.802646
  type: 'test'
  ...
# Subtest: J-01 project list observation resolves the exact owner query and page-scoped meaning
ok 589 - J-01 project list observation resolves the exact owner query and page-scoped meaning
  ---
  duration_ms: 5.343606
  type: 'test'
  ...
# Subtest: unknown query responses do not become empty results
ok 590 - unknown query responses do not become empty results
  ---
  duration_ms: 0.88861
  type: 'test'
  ...
# Subtest: the list query fails closed on trusted-scope, fingerprint, snapshot and row mismatches
ok 591 - the list query fails closed on trusted-scope, fingerprint, snapshot and row mismatches
  ---
  duration_ms: 1.165039
  type: 'test'
  ...
# Subtest: Media enum candidates validate against the exact current Tools source schema without using the installed snapshot
ok 592 - Media enum candidates validate against the exact current Tools source schema without using the installed snapshot
  ---
  duration_ms: 43.609227
  type: 'test'
  ...
# Subtest: current Tools source schema rejects enum/boolean conflict and missing enum branches
ok 593 - current Tools source schema rejects enum/boolean conflict and missing enum branches
  ---
  duration_ms: 0.555757
  type: 'test'
  ...
# Subtest: PDP-3 public effect and finality candidates cover every action without coercing unresolved truth
ok 594 - PDP-3 public effect and finality candidates cover every action without coercing unresolved truth
  ---
  duration_ms: 14.878501
  type: 'test'
  ...
# Subtest: generated experience candidate projects 145 bounded mappings and preserves the three historical public IDs
ok 595 - generated experience candidate projects 145 bounded mappings and preserves the three historical public IDs
  ---
  duration_ms: 1.169081
  type: 'test'
  ...
# Subtest: PXD-078 candidate validation rejects forged or stale source mapping mutations
ok 596 - PXD-078 candidate validation rejects forged or stale source mapping mutations
  ---
  duration_ms: 87.843853
  type: 'test'
  ...
# Subtest: PXD-078 membership is exactly the original 146 minus both Shared handoffs; PXD-077 is reconnect alone
ok 597 - PXD-078 membership is exactly the original 146 minus both Shared handoffs; PXD-077 is reconnect alone
  ---
  duration_ms: 13.448218
  type: 'test'
  ...
# Subtest: PDP-3 taxonomy candidates never claim runtime admission or operation success
ok 598 - PDP-3 taxonomy candidates never claim runtime admission or operation success
  ---
  duration_ms: 1.182099
  type: 'test'
  ...
# Subtest: J-29 reconnect action binds exact canonical input, trusted identity, authority, and receipt semantics
ok 599 - J-29 reconnect action binds exact canonical input, trusted identity, authority, and receipt semantics
  ---
  duration_ms: 36.823663
  type: 'test'
  ...
# Subtest: rights/consent guard derives only from two exact current permitted query receipts
ok 600 - rights/consent guard derives only from two exact current permitted query receipts
  ---
  duration_ms: 14210.703319
  type: 'test'
  ...
# Subtest: rights/consent guard holds on missing, stale, foreign, mismatched, or malformed facts
ok 601 - rights/consent guard holds on missing, stale, foreign, mismatched, or malformed facts
  ---
  duration_ms: 12.36454
  type: 'test'
  ...
# Subtest: unbound guard names and guard fact schemas cannot be substituted by arbitrary records
ok 602 - unbound guard names and guard fact schemas cannot be substituted by arbitrary records
  ---
  duration_ms: 0.946761
  type: 'test'
  ...
# Subtest: all noncanonical scenario starts have exact local-context bindings to executable fixtures
ok 603 - all noncanonical scenario starts have exact local-context bindings to executable fixtures
  ---
  duration_ms: 9.698865
  type: 'test'
  ...
# Subtest: local scenario contexts cover exactly the remaining source scenarios without canonical starts
ok 604 - local scenario contexts cover exactly the remaining source scenarios without canonical starts
  ---
  duration_ms: 0.687792
  type: 'test'
  ...
# Subtest: all 130 steps bind fail-closed, but fixture booleans never establish guard semantics
ok 605 - all 130 steps bind fail-closed, but fixture booleans never establish guard semantics
  ---
  duration_ms: 16.591692
  type: 'test'
  ...
# Subtest: step source-binding coverage is not reported as guard-semantic completion
ok 606 - step source-binding coverage is not reported as guard-semantic completion
  ---
  duration_ms: 1.122488
  type: 'test'
  ...
# Subtest: step oracle enrichment preserves the distinction between source bindings and evaluated guards
ok 607 - step oracle enrichment preserves the distinction between source bindings and evaluated guards
  ---
  duration_ms: 13.408855
  type: 'test'
  ...
# Subtest: step oracle rejects stale or forged source and target tuples and never treats unknown as retry permission
ok 608 - step oracle rejects stale or forged source and target tuples and never treats unknown as retry permission
  ---
  duration_ms: 0.94956
  type: 'test'
  ...
# Subtest: all 94 guarded domain, identity and ordered-workflow steps have exact guard contract rows
ok 609 - all 94 guarded domain, identity and ordered-workflow steps have exact guard contract rows
  ---
  duration_ms: 7.652516
  type: 'test'
  ...
# Subtest: guard source references resolve to exact action, operation and observation definitions
ok 610 - guard source references resolve to exact action, operation and observation definitions
  ---
  duration_ms: 8.209799
  type: 'test'
  ...
# Subtest: all 57 unique guards have typed predicate definitions with source-only boundaries
ok 611 - all 57 unique guards have typed predicate definitions with source-only boundaries
  ---
  duration_ms: 1.533724
  type: 'test'
  ...
# Subtest: P3 guard fact coverage distinguishes implemented query facts from the unresolved population
ok 612 - P3 guard fact coverage distinguishes implemented query facts from the unresolved population
  ---
  duration_ms: 0.887307
  type: 'test'
  ...
# Subtest: all 130 PDP-3 journey steps preserve their exact source facts and action disposition
ok 613 - all 130 PDP-3 journey steps preserve their exact source facts and action disposition
  ---
  duration_ms: 1897.784293
  type: 'test'
  ...
# Subtest: ambiguous live-session steps are not rebound to unrelated generic job actions
ok 614 - ambiguous live-session steps are not rebound to unrelated generic job actions
  ---
  duration_ms: 59.828955
  type: 'test'
  ...
# Subtest: first-use identity step binds the approved Media adapter definition without claiming Shared wire or runtime acceptance
ok 615 - first-use identity step binds the approved Media adapter definition without claiming Shared wire or runtime acceptance
  ---
  duration_ms: 6.546769
  type: 'test'
  ...
# Subtest: the only projected transition is the exact successful upload-finalization edge
ok 616 - the only projected transition is the exact successful upload-finalization edge
  ---
  duration_ms: 3.258885
  type: 'test'
  ...
# Subtest: foreign operations, actions, states, edge outcomes, and unreviewed additions are rejected
ok 617 - foreign operations, actions, states, edge outcomes, and unreviewed additions are rejected
  ---
  duration_ms: 4.662924
  type: 'test'
  ...
# Subtest: scope guards derive truth from exact scoped identities and verified query result shape
ok 618 - scope guards derive truth from exact scoped identities and verified query result shape
  ---
  duration_ms: 11.801674
  type: 'test'
  ...
# Subtest: authority guards require exact actor, operation, target, scope, validity and admitted capability
ok 619 - authority guards require exact actor, operation, target, scope, validity and admitted capability
  ---
  duration_ms: 12.909877
  type: 'test'
  ...
# Subtest: continuity guards distinguish an exact continuation from a current revision conflict
ok 620 - continuity guards distinguish an exact continuation from a current revision conflict
  ---
  duration_ms: 12.26697
  type: 'test'
  ...
# Subtest: typed observation guards require exact subject, purpose, version and evidence
ok 621 - typed observation guards require exact subject, purpose, version and evidence
  ---
  duration_ms: 19.445818
  type: 'test'
  ...
# Subtest: caption validity, source clocks, two-version comparison, and language intent are guard-specific
ok 622 - caption validity, source clocks, two-version comparison, and language intent are guard-specific
  ---
  duration_ms: 33.103853
  type: 'test'
  ...
# Subtest: receipt currentness, expected version, step binding and fingerprint fail closed
ok 623 - receipt currentness, expected version, step binding and fingerprint fail closed
  ---
  duration_ms: 2.540313
  type: 'test'
  ...
# Subtest: stream guards derive session, lease, frame, budget and sequence facts structurally
ok 624 - stream guards derive session, lease, frame, budget and sequence facts structurally
  ---
  duration_ms: 51.600956
  type: 'test'
  ...
# Subtest: job guards require exact canonical job and attempt state evidence
ok 625 - job guards require exact canonical job and attempt state evidence
  ---
  duration_ms: 16.041867
  type: 'test'
  ...
# Subtest: explicit time ticks must be user supplied and fit the exact source clock
ok 626 - explicit time ticks must be user supplied and fit the exact source clock
  ---
  duration_ms: 10.467851
  type: 'test'
  ...
# Subtest: every indexed step-guard instance fails closed without a receipt
ok 627 - every indexed step-guard instance fails closed without a receipt
  ---
  duration_ms: 2.944549
  type: 'test'
  ...
# Subtest: all 47 view definitions enumerate every source label without treating a label or source pointer as evidence
ok 628 - all 47 view definitions enumerate every source label without treating a label or source pointer as evidence
  ---
  duration_ms: 6.817919
  type: 'test'
  ...
# Subtest: no view-label enum is treated as an observation schema; unsupported fact families fail closed
ok 629 - no view-label enum is treated as an observation schema; unsupported fact families fail closed
  ---
  duration_ms: 1.071545
  type: 'test'
  ...
# Subtest: project list labels derive from a fresh trusted query result, not a label or self-asserted currentness
ok 630 - project list labels derive from a fresh trusted query result, not a label or self-asserted currentness
  ---
  duration_ms: 143.192958
  type: 'test'
  ...
# Subtest: in-flight labels derive only from a fresh exact local request tuple and never assert remote finality
ok 631 - in-flight labels derive only from a fresh exact local request tuple and never assert remote finality
  ---
  duration_ms: 14.577018
  type: 'test'
  ...
# Subtest: all 27 in-flight labels bind pending observations to a source action-operation tuple
ok 632 - all 27 in-flight labels bind pending observations to a source action-operation tuple
  ---
  duration_ms: 8.247529
  type: 'test'
  ...
# Subtest: offline labels derive from fresh exact client-local availability signals, not remote state
ok 633 - offline labels derive from fresh exact client-local availability signals, not remote state
  ---
  duration_ms: 11.892989
  type: 'test'
  ...
# Subtest: stale labels compare an exact object/version snapshot against trusted currentness and age policy
ok 634 - stale labels compare an exact object/version snapshot against trusted currentness and age policy
  ---
  duration_ms: 6.480563
  type: 'test'
  ...
# Subtest: query predicates fail closed on absent scope, stale reads, incomplete empty pages, malformed facts, or wrong source
ok 635 - query predicates fail closed on absent scope, stale reads, incomplete empty pages, malformed facts, or wrong source
  ---
  duration_ms: 1.33131
  type: 'test'
  ...
# Subtest: labels whose current owner query schema cannot support a state remain explicitly unsupported
ok 636 - labels whose current owner query schema cannot support a state remain explicitly unsupported
  ---
  duration_ms: 1.301433
  type: 'test'
  ...
# Subtest: artifact lifecycle predicates bind the exact proposed read model, immutable version, evidence and currentness
ok 637 - artifact lifecycle predicates bind the exact proposed read model, immutable version, evidence and currentness
  ---
  duration_ms: 3.04227
  type: 'test'
  ...
# Subtest: stored job observations bind exact owner read scope and map only OUTCOME_UNKNOWN
ok 638 - stored job observations bind exact owner read scope and map only OUTCOME_UNKNOWN
  ---
  duration_ms: 2.889142
  type: 'test'
  ...
# Subtest: local draft observations compare exact current snapshot and base across every typed draft label
ok 639 - local draft observations compare exact current snapshot and base across every typed draft label
  ---
  duration_ms: 34.020353
  type: 'test'
  ...
# Subtest: all unknown-outcome labels bind exact action-operation tuples to local loss-of-response facts only
ok 640 - all unknown-outcome labels bind exact action-operation tuples to local loss-of-response facts only
  ---
  duration_ms: 33.325511
  type: 'test'
  ...
# Subtest: all local observation predicates project to distinct view-state refs, separate from PDP1 states
ok 641 - all local observation predicates project to distinct view-state refs, separate from PDP1 states
  ---
  duration_ms: 11.454281
  type: 'test'
  ...
# Subtest: projection refuses cross-view predicates, duplicate IDs, and unresolved schemas
ok 642 - projection refuses cross-view predicates, duplicate IDs, and unresolved schemas
  ---
  duration_ms: 140.289918
  type: 'test'
  ...
# Subtest: local observation state refs validate in the public Tools schema without becoming PDP1 states
ok 643 - local observation state refs validate in the public Tools schema without becoming PDP1 states
  ---
  duration_ms: 39.152194
  type: 'test'
  ...
# Subtest: all 47 PDP-3 view identities have exact P1 state bindings or explicit noncanonical presentation dispositions
ok 644 - all 47 PDP-3 view identities have exact P1 state bindings or explicit noncanonical presentation dispositions
  ---
  duration_ms: 16.108341
  type: 'test'
  ...
# Subtest: find-projects outcome labels have exact scoped query and create-receipt predicates
ok 645 - find-projects outcome labels have exact scoped query and create-receipt predicates
  ---
  duration_ms: 0.860531
  type: 'test'
  ...
# Subtest: view-state validation rejects omitted views, invented states, drifted labels and automatic transitions
ok 646 - view-state validation rejects omitted views, invented states, drifted labels and automatic transitions
  ---
  duration_ms: 47.715986
  type: 'test'
  ...
# Subtest: four STT profile RPCs have exact Media semantic owners and explicit non-equivalent legacy fields
ok 647 - four STT profile RPCs have exact Media semantic owners and explicit non-equivalent legacy fields
  ---
  duration_ms: 4.859563
  type: 'test'
  ...
# Subtest: profile adapter dispositions fail when a material field, source effect, or exact owner ref is removed
ok 648 - profile adapter dispositions fail when a material field, source effect, or exact owner ref is removed
  ---
  duration_ms: 6.643057
  type: 'test'
  ...
# Subtest: TTS profile RPC assessments trace exact handler effects without inventing canonical parity
ok 649 - TTS profile RPC assessments trace exact handler effects without inventing canonical parity
  ---
  duration_ms: 3.799634
  type: 'test'
  ...
# Subtest: TTS profile assessments reject handler drift, false admission, and canonical-equivalence promotion
ok 650 - TTS profile assessments reject handler drift, false admission, and canonical-equivalence promotion
  ---
  duration_ms: 6.253113
  type: 'test'
  ...
# Subtest: all 13 HTTP consent, job, and stream candidates have exact adapter gaps and source identities
ok 651 - all 13 HTTP consent, job, and stream candidates have exact adapter gaps and source identities
  ---
  duration_ms: 7.284723
  type: 'test'
  ...
# Subtest: adapter assessment rejects omission, wrong route, invented operation, and lost consent/finality gaps
ok 652 - adapter assessment rejects omission, wrong route, invented operation, and lost consent/finality gaps
  ---
  duration_ms: 7.032723
  type: 'test'
  ...
# Subtest: all 13 observed HTTP routes have exact versioned canonical schemas and source-field adapter dispositions
ok 653 - all 13 observed HTTP routes have exact versioned canonical schemas and source-field adapter dispositions
  ---
  duration_ms: 25.760678
  type: 'test'
  ...
# Subtest: adapter validation rejects invented operation bindings, route admission, and lost material rejection rules
ok 654 - adapter validation rejects invented operation bindings, route admission, and lost material rejection rules
  ---
  duration_ms: 25.431529
  type: 'test'
  ...
# Subtest: Media HTTP source acceptance and acknowledgements cannot erase canonical authority or finality requirements
ok 655 - Media HTTP source acceptance and acknowledgements cannot erase canonical authority or finality requirements
  ---
  duration_ms: 0.556175
  type: 'test'
  ...
# Subtest: canonical HTTP envelopes validate a closed outer shape and the exact operation payload schemas
ok 656 - canonical HTTP envelopes validate a closed outer shape and the exact operation payload schemas
  ---
  duration_ms: 2252.135675
  type: 'test'
  ...
# Subtest: every HTTP source projection is schema-bound and invalid canonical paths fail closed
ok 657 - every HTTP source projection is schema-bound and invalid canonical paths fail closed
  ---
  duration_ms: 1.541344
  type: 'test'
  ...
# Subtest: operation identities, idempotency and owner outcome meanings cannot diverge from the outer receipt
ok 658 - operation identities, idempotency and owner outcome meanings cannot diverge from the outer receipt
  ---
  duration_ms: 1512.824139
  type: 'test'
  ...
# Subtest: Media localization direction and reflow bind explicit RTL, canonical IDs, and responsive accessibility requirements
ok 659 - Media localization direction and reflow bind explicit RTL, canonical IDs, and responsive accessibility requirements
  ---
  duration_ms: 70.011132
  type: 'test'
  ...
# Subtest: migration correction: estimated depth remains distinct from measured ground truth
ok 660 - migration correction: estimated depth remains distinct from measured ground truth
  ---
  duration_ms: 2.255365
  type: 'test'
  ...
# Subtest: migration correction: enhancer pipeline proposes only eligible operations and does not auto-apply
ok 661 - migration correction: enhancer pipeline proposes only eligible operations and does not auto-apply
  ---
  duration_ms: 0.527832
  type: 'test'
  ...
# Subtest: migration correction: operation acceptance is not completion
ok 662 - migration correction: operation acceptance is not completion
  ---
  duration_ms: 0.459838
  type: 'test'
  ...
# Subtest: migration correction: user rights attestation cannot establish verified consent or license
ok 663 - migration correction: user rights attestation cannot establish verified consent or license
  ---
  duration_ms: 0.249286
  type: 'test'
  ...
# Subtest: migration correction: Media CLI paths and interrupts remain client-local and do not cancel remote work
ok 664 - migration correction: Media CLI paths and interrupts remain client-local and do not cancel remote work
  ---
  duration_ms: 0.650631
  type: 'test'
  ...
# Subtest: migration correction: source data is minimized per exact operation purpose
ok 665 - migration correction: source data is minimized per exact operation purpose
  ---
  duration_ms: 0.349393
  type: 'test'
  ...
# Subtest: migration correction: license evidence applies independently to wrapped code, model weights, codecs, and assets
ok 666 - migration correction: license evidence applies independently to wrapped code, model weights, codecs, and assets
  ---
  duration_ms: 0.392776
  type: 'test'
  ...
# Subtest: migration correction: odd 4:2:0 dimensions require exact encoder-profile alignment
ok 667 - migration correction: odd 4:2:0 dimensions require exact encoder-profile alignment
  ---
  duration_ms: 0.268117
  type: 'test'
  ...
# Subtest: migration correction: delivery compatibility and fallback are profile-bound, evidence-based, and explicit
ok 668 - migration correction: delivery compatibility and fallback are profile-bound, evidence-based, and explicit
  ---
  duration_ms: 0.886071
  type: 'test'
  ...
# Subtest: migration correction: dependency pins and promotion checks are definition-only gates
ok 669 - migration correction: dependency pins and promotion checks are definition-only gates
  ---
  duration_ms: 0.933384
  type: 'test'
  ...
# Subtest: all eleven simulation-pass leaves have distinct, operation-bound schemas and typed output shape
ok 670 - all eleven simulation-pass leaves have distinct, operation-bound schemas and typed output shape
  ---
  duration_ms: 1823.302693
  type: 'test'
  ...
# Subtest: all eighteen edit leaves constrain operation kind, preservation, versions, outputs and cross-field identity
ok 671 - all eighteen edit leaves constrain operation kind, preservation, versions, outputs and cross-field identity
  ---
  duration_ms: 14869.56415
  type: 'test'
  ...
# Subtest: 13 previously mismatched capability claims now target exact owner semantics with pinned source values
ok 672 - 13 previously mismatched capability claims now target exact owner semantics with pinned source values
  ---
  duration_ms: 5.485557
  type: 'test'
  ...
# Subtest: privacy and erasure capability claims target exact policy/state sources and preserve open implementation limits
ok 673 - privacy and erasure capability claims target exact policy/state sources and preserve open implementation limits
  ---
  duration_ms: 1.008037
  type: 'test'
  ...
# Subtest: best-effort diagnostics do not decide business outcome or replace required audit intent
ok 674 - best-effort diagnostics do not decide business outcome or replace required audit intent
  ---
  duration_ms: 0.62709
  type: 'test'
  ...
# Subtest: model, worker, recipe, and isolation claims target exact owner boundaries without admission promotion
ok 675 - model, worker, recipe, and isolation claims target exact owner boundaries without admission promotion
  ---
  duration_ms: 11.888087
  type: 'test'
  ...
# Subtest: migration-gap tracking metadata resolves to the exact open gap register row, not a capability leaf
ok 676 - migration-gap tracking metadata resolves to the exact open gap register row, not a capability leaf
  ---
  duration_ms: 25.880641
  type: 'test'
  ...
# Subtest: the 163-record candidate remains a pending source-routing review, not claim acceptance
ok 677 - the 163-record candidate remains a pending source-routing review, not claim acceptance
  ---
  duration_ms: 0.681917
  type: 'test'
  ...
# Subtest: document-extraction preservation resolves to its actual owner boundary and rejects a capability-name route
ok 678 - document-extraction preservation resolves to its actual owner boundary and rejects a capability-name route
  ---
  duration_ms: 1.160239
  type: 'test'
  ...
# Subtest: ordinary-path provider navigation is routed to the exact experience boundary
ok 679 - ordinary-path provider navigation is routed to the exact experience boundary
  ---
  duration_ms: 1.015588
  type: 'test'
  ...
# Subtest: disruptive audio autoplay is a playback rule and unknown risk remains fail-closed
ok 680 - disruptive audio autoplay is a playback rule and unknown risk remains fail-closed
  ---
  duration_ms: 0.760353
  type: 'test'
  ...
# Subtest: plan assessment clauses retain the exact historical/current source hunk, not capability behavior
ok 681 - plan assessment clauses retain the exact historical/current source hunk, not capability behavior
  ---
  duration_ms: 3.082814
  type: 'test'
  ...
# Subtest: 55 prior owner routes are carried forward only as exact-text-matched review inputs
ok 682 - 55 prior owner routes are carried forward only as exact-text-matched review inputs
  ---
  duration_ms: 6.13942
  type: 'test'
  ...
# Subtest: 55 prior owner routes replace the lexical capability candidates while remaining pending
ok 683 - 55 prior owner routes replace the lexical capability candidates while remaining pending
  ---
  duration_ms: 13.134242
  type: 'test'
  ...
# Subtest: eight capability inventory claims bind exact complete member/output populations and definition-only limits
ok 684 - eight capability inventory claims bind exact complete member/output populations and definition-only limits
  ---
  duration_ms: 8183.658238
  type: 'test'
  ...
# Subtest: MPSEM-0187-C001: identity and gaze analysis remain scoped uncertain inferences
ok 685 - MPSEM-0187-C001: identity and gaze analysis remain scoped uncertain inferences
  ---
  duration_ms: 7.452009
  type: 'test'
  ...
# Subtest: MPSEM-0212-C005 and MPSEM-0291-C006: compatibility and fallback require exact profiles and declared confirmation
ok 686 - MPSEM-0212-C005 and MPSEM-0291-C006: compatibility and fallback require exact profiles and declared confirmation
  ---
  duration_ms: 1.169209
  type: 'test'
  ...
# Subtest: MPSEM-0287-C001: processing location remains a distinct explicit policy axis
ok 687 - MPSEM-0287-C001: processing location remains a distinct explicit policy axis
  ---
  duration_ms: 3.334064
  type: 'test'
  ...
# Subtest: MPSEM-0298-C001 and MPSEM-0298-C002: generic job request is closed, typed, bounded, and host-scoped
ok 688 - MPSEM-0298-C001 and MPSEM-0298-C002: generic job request is closed, typed, bounded, and host-scoped
  ---
  duration_ms: 0.7867
  type: 'test'
  ...
# Subtest: MPSEM-0300-C001: accepted generic submission receipt carries canonical status, operation, fingerprint, and observation location
ok 689 - MPSEM-0300-C001: accepted generic submission receipt carries canonical status, operation, fingerprint, and observation location
  ---
  duration_ms: 0.934805
  type: 'test'
  ...
# Subtest: MPSEM-0375-C001, C002 and C004: dispatch intent, effect-started receipt, and provider receipt have distinct durable boundaries
ok 690 - MPSEM-0375-C001, C002 and C004: dispatch intent, effect-started receipt, and provider receipt have distinct durable boundaries
  ---
  duration_ms: 0.579758
  type: 'test'
  ...
# Subtest: MPSEM-0304-C001: artifact operations are explicit separate leaf contracts
ok 691 - MPSEM-0304-C001: artifact operations are explicit separate leaf contracts
  ---
  duration_ms: 0.792914
  type: 'test'
  ...
# Subtest: MPSEM-0305-C002 and MPSEM-0377-C001: retry requires bounded, classified eligibility and reconciliation first
ok 692 - MPSEM-0305-C002 and MPSEM-0377-C001: retry requires bounded, classified eligibility and reconciliation first
  ---
  duration_ms: 0.522313
  type: 'test'
  ...
# Subtest: MPSEM-0310-C001 and MPSEM-0310-C003: observation is bounded and missing progress stays unknown
ok 693 - MPSEM-0310-C001 and MPSEM-0310-C003: observation is bounded and missing progress stays unknown
  ---
  duration_ms: 1.012293
  type: 'test'
  ...
# Subtest: MPSEM-0312-C002: operation-specific closed schemas reject undeclared parameters
ok 694 - MPSEM-0312-C002: operation-specific closed schemas reject undeclared parameters
  ---
  duration_ms: 3.77291
  type: 'test'
  ...
# Subtest: MPSEM-0313-C001, C002 and C004: byte access, external import and text generation use typed guarded contracts
ok 695 - MPSEM-0313-C001, C002 and C004: byte access, external import and text generation use typed guarded contracts
  ---
  duration_ms: 0.826802
  type: 'test'
  ...
# Subtest: MPSEM-0336-C007 and MPSEM-0346-C002: detaching observation is not remote cancellation or finality
ok 696 - MPSEM-0336-C007 and MPSEM-0346-C002: detaching observation is not remote cancellation or finality
  ---
  duration_ms: 0.371987
  type: 'test'
  ...
# Subtest: MPSEM-0355-C001 and MPSEM-0367-C003: minimized data, privacy defaults and retention evidence stay explicit
ok 697 - MPSEM-0355-C001 and MPSEM-0367-C003: minimized data, privacy defaults and retention evidence stay explicit
  ---
  duration_ms: 0.455808
  type: 'test'
  ...
# Subtest: MPSEM-0372-C006 and MPSEM-0378-C002: stage/progress is separate from job authority and corrections append
ok 698 - MPSEM-0372-C006 and MPSEM-0378-C002: stage/progress is separate from job authority and corrections append
  ---
  duration_ms: 0.258409
  type: 'test'
  ...
# Subtest: MPSEM-0458-C005: an out-of-process boundary does not grant license or effect admission
ok 699 - MPSEM-0458-C005: an out-of-process boundary does not grant license or effect admission
  ---
  duration_ms: 0.185742
  type: 'test'
  ...
# Subtest: metric qualification is bound to an exact metric-domain-provider-method and calibration tuple
ok 700 - metric qualification is bound to an exact metric-domain-provider-method and calibration tuple
  ---
  duration_ms: 3.410454
  type: 'test'
  ...
# Subtest: ordinary recipe structure never grants agent-runtime or tool-execution authority
ok 701 - ordinary recipe structure never grants agent-runtime or tool-execution authority
  ---
  duration_ms: 2.767138
  type: 'test'
  ...
# Subtest: Tools development workflow migration claim routes to exact Media execution boundary
ok 702 - Tools development workflow migration claim routes to exact Media execution boundary
  ---
  duration_ms: 13.311859
  type: 'test'
  ...
# Subtest: clock and conversion migration claims route to distinct exact time policies
ok 703 - clock and conversion migration claims route to distinct exact time policies
  ---
  duration_ms: 0.876605
  type: 'test'
  ...
# Subtest: per-metric qualification claim routes to exact leaf and profile scope policy
ok 704 - per-metric qualification claim routes to exact leaf and profile scope policy
  ---
  duration_ms: 0.681072
  type: 'test'
  ...
# Subtest: untrusted decoder and executable isolation claim routes to the exact security baseline
ok 705 - untrusted decoder and executable isolation claim routes to the exact security baseline
  ---
  duration_ms: 0.744052
  type: 'test'
  ...
# Subtest: capability availability, invocation, recipe, and document-intelligence claims route to exact owner records
ok 706 - capability availability, invocation, recipe, and document-intelligence claims route to exact owner records
  ---
  duration_ms: 1.037239
  type: 'test'
  ...
# Subtest: ordinary product navigation does not expose a technical provider catalog by default
ok 707 - ordinary product navigation does not expose a technical provider catalog by default
  ---
  duration_ms: 0.517253
  type: 'test'
  ...
# Subtest: the fixed constitution, density, audit, and locale cohort resolves to exact owner clauses and current value pins
ok 708 - the fixed constitution, density, audit, and locale cohort resolves to exact owner clauses and current value pins
  ---
  duration_ms: 18.975076
  type: 'test'
  ...
# Subtest: material, source, target and acceptance mutations fail the cohort validator
ok 709 - material, source, target and acceptance mutations fail the cohort validator
  ---
  duration_ms: 1.242552
  type: 'test'
  ...
# Subtest: fail-closed, policy separation and audit clauses reject weakened variants
ok 710 - fail-closed, policy separation and audit clauses reject weakened variants
  ---
  duration_ms: 2.939035
  type: 'test'
  ...
# Subtest: the human-readable Simple/Guided/Expert density progression is not collapsed
ok 711 - the human-readable Simple/Guided/Expert density progression is not collapsed
  ---
  duration_ms: 1.808055
  type: 'test'
  ...
# Subtest: audit and telemetry clauses keep best-effort delivery separate from required durable effect intent
ok 712 - audit and telemetry clauses keep best-effort delivery separate from required durable effect intent
  ---
  duration_ms: 4.571206
  type: 'test'
  ...
# Subtest: PXD-090 approves the exact 112-row proposal set without rewriting proposal snapshots
ok 713 - PXD-090 approves the exact 112-row proposal set without rewriting proposal snapshots
  ---
  duration_ms: 3163.777492
  type: 'test'
  ...
# Subtest: PXD-090 reconciliation counters are derived from the live 884-unit ledger
ok 714 - PXD-090 reconciliation counters are derived from the live 884-unit ledger
  ---
  duration_ms: 3.354326
  type: 'test'
  ...
# Subtest: the goal-rule addition is isolated and does not rewrite prior goal measures
ok 715 - the goal-rule addition is isolated and does not rewrite prior goal measures
  ---
  duration_ms: 11427.985757
  type: 'test'
  ...
# Subtest: PXD-097 reviews exactly the unchanged 40-claim proposal with current source meanings
ok 716 - PXD-097 reviews exactly the unchanged 40-claim proposal with current source meanings
  ---
  duration_ms: 343.044291
  type: 'test'
  ...
# Subtest: migration counters remain derived and no other claim was promoted by the bounded approval
ok 717 - migration counters remain derived and no other claim was promoted by the bounded approval
  ---
  duration_ms: 4.84904
  type: 'test'
  ...
# Subtest: PXD-100 approves the exact immutable 97-claim PDP-2 candidate cohort
ok 718 - PXD-100 approves the exact immutable 97-claim PDP-2 candidate cohort
  ---
  duration_ms: 20033.499442
  type: 'test'
  ...
# Subtest: PXD-100 counters are derived from all current ledger leaves
ok 719 - PXD-100 counters are derived from all current ledger leaves
  ---
  duration_ms: 2.786455
  type: 'test'
  ...
# Subtest: the finite dependency migration cohort has exact owner clauses and claim-level source pins
ok 720 - the finite dependency migration cohort has exact owner clauses and claim-level source pins
  ---
  duration_ms: 8.930184
  type: 'test'
  ...
# Subtest: dependency claim review rejects material-clause loss, wrong target, stale hash, and forged acceptance
ok 721 - dependency claim review rejects material-clause loss, wrong target, stale hash, and forged acceptance
  ---
  duration_ms: 2.448672
  type: 'test'
  ...
# Subtest: the absent historical OSS inventory stays unresolved instead of being treated as a current authoritative inventory
ok 722 - the absent historical OSS inventory stays unresolved instead of being treated as a current authoritative inventory
  ---
  duration_ms: 2.326906
  type: 'test'
  ...
# Subtest: the shared identity handoff preserves existing auth services and public-contract dependencies
ok 723 - the shared identity handoff preserves existing auth services and public-contract dependencies
  ---
  duration_ms: 0.896899
  type: 'test'
  ...
# Subtest: CLI exit code 3 means authentication failure and cannot collapse into policy rejection
ok 724 - CLI exit code 3 means authentication failure and cannot collapse into policy rejection
  ---
  duration_ms: 0.789604
  type: 'test'
  ...
# Subtest: the complete live 27-claim domain-model cohort points to exact owner records and keeps history unchanged
ok 725 - the complete live 27-claim domain-model cohort points to exact owner records and keeps history unchanged
  ---
  duration_ms: 531.03738
  type: 'test'
  ...
# Subtest: domain definitions reject loss of material ownership, lifecycle, state, and fidelity boundaries
ok 726 - domain definitions reject loss of material ownership, lifecycle, state, and fidelity boundaries
  ---
  duration_ms: 314.823309
  type: 'test'
  ...
# Subtest: 48 glossary/domain-model claims retain exact claim text and exact owner-source semantics
ok 727 - 48 glossary/domain-model claims retain exact claim text and exact owner-source semantics
  ---
  duration_ms: 8.732584
  type: 'test'
  ...
# Subtest: resolution claim preserves model, encoder, and display constraints and rejects false universals
ok 728 - resolution claim preserves model, encoder, and display constraints and rejects false universals
  ---
  duration_ms: 0.651916
  type: 'test'
  ...
# Subtest: authored owner semantics for source-authored high-risk claims preserve exact material predicates
ok 729 - authored owner semantics for source-authored high-risk claims preserve exact material predicates
  ---
  duration_ms: 8.565539
  type: 'test'
  ...
# Subtest: scene geometry keeps owner-declared unit conversion as an explicit bounded exception
ok 730 - scene geometry keeps owner-declared unit conversion as an explicit bounded exception
  ---
  duration_ms: 0.73899
  type: 'test'
  ...
# Subtest: external authoring and Kernel handoff claims require exact published owner contracts
ok 731 - external authoring and Kernel handoff claims require exact published owner contracts
  ---
  duration_ms: 0.973305
  type: 'test'
  ...
# Subtest: handoff envelope binds every admitted call to required fields and service-call authority boundary
ok 732 - handoff envelope binds every admitted call to required fields and service-call authority boundary
  ---
  duration_ms: 0.877209
  type: 'test'
  ...
# Subtest: reuse priority requires Ghatana-first evidence and justifies any later implementation choice
ok 733 - reuse priority requires Ghatana-first evidence and justifies any later implementation choice
  ---
  duration_ms: 0.432611
  type: 'test'
  ...
# Subtest: Data Cloud compatibility continuity is explicit while Media mutations stay owner-bound
ok 734 - Data Cloud compatibility continuity is explicit while Media mutations stay owner-bound
  ---
  duration_ms: 0.429858
  type: 'test'
  ...
# Subtest: external owner binding requires immutable public identity and fails closed when fingerprint evidence is absent
ok 735 - external owner binding requires immutable public identity and fails closed when fingerprint evidence is absent
  ---
  duration_ms: 1.045482
  type: 'test'
  ...
# Subtest: Media meaning remains Media-owned while external capability meaning stays owner-controlled
ok 736 - Media meaning remains Media-owned while external capability meaning stays owner-controlled
  ---
  duration_ms: 1.219617
  type: 'test'
  ...
# Subtest: Data Cloud consumer visibility uses its own scoped continuation rather than DI cancellation state
ok 737 - Data Cloud consumer visibility uses its own scoped continuation rather than DI cancellation state
  ---
  duration_ms: 1.035638
  type: 'test'
  ...
# Subtest: wrong owner locators and semantic mutations fail the reviewed bindings
ok 738 - wrong owner locators and semantic mutations fail the reviewed bindings
  ---
  duration_ms: 8.225545
  type: 'test'
  ...
# Subtest: the full live 22-claim glossary cohort preserves historical pins and binds complete owner definitions
ok 739 - the full live 22-claim glossary cohort preserves historical pins and binds complete owner definitions
  ---
  duration_ms: 781.167389
  type: 'test'
  ...
# Subtest: glossary owner definitions reject loss of privacy axes, clock profiles, pixel-center conversion, and disclosure state
ok 740 - glossary owner definitions reject loss of privacy axes, clock profiles, pixel-center conversion, and disclosure state
  ---
  duration_ms: 184.986922
  type: 'test'
  ...
# Subtest: the complete 39-claim goal cohort keeps history and distinguishes semantic routes, metadata, and unresolved authority
ok 741 - the complete 39-claim goal cohort keeps history and distinguishes semantic routes, metadata, and unresolved authority
  ---
  duration_ms: 3950.740724
  type: 'test'
  ...
# Subtest: goal source rules reject loss of required scope, policy gates, and effect finality
ok 742 - goal source rules reject loss of required scope, policy gates, and effect finality
  ---
  duration_ms: 305.010384
  type: 'test'
  ...
# Subtest: goal migration rules are a finite source-owned normative collection, distinct from acceptance
ok 743 - goal migration rules are a finite source-owned normative collection, distinct from acceptance
  ---
  duration_ms: 3.95614
  type: 'test'
  ...
# Subtest: goal rule collection rejects missing material boundaries and duplicate identities
ok 744 - goal rule collection rejects missing material boundaries and duplicate identities
  ---
  duration_ms: 6.297053
  type: 'test'
  ...
# Subtest: the finite cross-product handoff cohort binds exact owner clauses and claim-level hashes
ok 745 - the finite cross-product handoff cohort binds exact owner clauses and claim-level hashes
  ---
  duration_ms: 6.782883
  type: 'test'
  ...
# Subtest: handoff owner clauses reject invented contracts, missing authority and lossy fidelity
ok 746 - handoff owner clauses reject invented contracts, missing authority and lossy fidelity
  ---
  duration_ms: 7.32729
  type: 'test'
  ...
# Subtest: remaining source-backed handoff roles preserve exact owners and admitted public boundaries
ok 747 - remaining source-backed handoff roles preserve exact owners and admitted public boundaries
  ---
  duration_ms: 6.194525
  type: 'test'
  ...
# Subtest: cross-product owner and boundary clauses reject role substitution and implicit admission
ok 748 - cross-product owner and boundary clauses reject role substitution and implicit admission
  ---
  duration_ms: 15.012758
  type: 'test'
  ...
# Subtest: PDP-2 migration candidates resolve to exact owner clauses and reject clause weakening
ok 749 - PDP-2 migration candidates resolve to exact owner clauses and reject clause weakening
  ---
  duration_ms: 20481.77247
  type: 'test'
  ...
# Subtest: Appendix B candidate history preserves every role/condition without treating it as the current decision register
ok 750 - Appendix B candidate history preserves every role/condition without treating it as the current decision register
  ---
  duration_ms: 3.393009
  type: 'test'
  ...
# Subtest: one canonical CLI registry binds every fixture command to an exact action and operation disposition
ok 751 - one canonical CLI registry binds every fixture command to an exact action and operation disposition
  ---
  duration_ms: 572.920383
  type: 'test'
  ...
# Subtest: PXD-047 packaging classification cannot be promoted into a package or Shared binding
ok 752 - PXD-047 packaging classification cannot be promoted into a package or Shared binding
  ---
  duration_ms: 0.924998
  type: 'test'
  ...
# Subtest: Media origin classes preserve edited, generative, AI, and simulation distinctions without implying acceptance
ok 753 - Media origin classes preserve edited, generative, AI, and simulation distinctions without implying acceptance
  ---
  duration_ms: 1.70276
  type: 'test'
  ...
# Subtest: CLI identity contract requires exact action and operation bindings across channels and fails closed for fixtures
ok 754 - CLI identity contract requires exact action and operation bindings across channels and fails closed for fixtures
  ---
  duration_ms: 0.721897
  type: 'test'
  ...
# Subtest: downstream findings return to the authoritative source phase instead of creating local rule copies
ok 755 - downstream findings return to the authoritative source phase instead of creating local rule copies
  ---
  duration_ms: 6.602687
  type: 'test'
  ...
# Subtest: config show has an effective-value and secret-redaction contract without claiming configuration mutation
ok 756 - config show has an effective-value and secret-redaction contract without claiming configuration mutation
  ---
  duration_ms: 0.79118
  type: 'test'
  ...
# Subtest: repeat-safe-step prompt reduction cannot reuse stale consent or authorize a changed effect
ok 757 - repeat-safe-step prompt reduction cannot reuse stale consent or authorize a changed effect
  ---
  duration_ms: 0.849745
  type: 'test'
  ...
# Subtest: API generation and transport evidence cannot promote schema-only checks to wire parity
ok 758 - API generation and transport evidence cannot promote schema-only checks to wire parity
  ---
  duration_ms: 1.038147
  type: 'test'
  ...
# Subtest: API compatibility remains one product and rejects an indefinite compatibility fork
ok 759 - API compatibility remains one product and rejects an indefinite compatibility fork
  ---
  duration_ms: 0.679803
  type: 'test'
  ...
# Subtest: localization preserves canonical, original, and retained intermediate precision
ok 760 - localization preserves canonical, original, and retained intermediate precision
  ---
  duration_ms: 0.324864
  type: 'test'
  ...
# Subtest: persisted mutation replay requires a pre-effect durable owner record and fail-closed reconciliation
ok 761 - persisted mutation replay requires a pre-effect durable owner record and fail-closed reconciliation
  ---
  duration_ms: 0.370992
  type: 'test'
  ...
# Subtest: screen composition requires exact sources for product meaning, domain, authority, finality, dependencies, and NFRs
ok 762 - screen composition requires exact sources for product meaning, domain, authority, finality, dependencies, and NFRs
  ---
  duration_ms: 0.921406
  type: 'test'
  ...
# Subtest: attention items use a finite evidence-backed reason set without implying delivery or action authority
ok 763 - attention items use a finite evidence-backed reason set without implying delivery or action authority
  ---
  duration_ms: 0.470311
  type: 'test'
  ...
# Subtest: rights and consent presentation requires fresh exact-scope revalidation before consequential work
ok 764 - rights and consent presentation requires fresh exact-scope revalidation before consequential work
  ---
  duration_ms: 0.342501
  type: 'test'
  ...
# Subtest: job outcome summary does not infer safe output, completion, or the next action
ok 765 - job outcome summary does not infer safe output, completion, or the next action
  ---
  duration_ms: 0.434983
  type: 'test'
  ...
# Subtest: CLI JSONL and local interruption semantics preserve stable records and remote effect uncertainty
ok 766 - CLI JSONL and local interruption semantics preserve stable records and remote effect uncertainty
  ---
  duration_ms: 0.45084
  type: 'test'
  ...
# Subtest: API projection authority keeps authored sources primary and the historical aggregate inactive
ok 767 - API projection authority keeps authored sources primary and the historical aggregate inactive
  ---
  duration_ms: 45.825025
  type: 'test'
  ...
# Subtest: CLI argument and finite-family rules reject shell interpolation and implicit command expansion
ok 768 - CLI argument and finite-family rules reject shell interpolation and implicit command expansion
  ---
  duration_ms: 38.578748
  type: 'test'
  ...
# Subtest: API retry and timeout definitions preserve request identity, authority, and effect finality
ok 769 - API retry and timeout definitions preserve request identity, authority, and effect finality
  ---
  duration_ms: 6.491073
  type: 'test'
  ...
# Subtest: PXD-100 has the only approved status for its exact 97-row PDP-2 migration cohort
ok 770 - PXD-100 has the only approved status for its exact 97-row PDP-2 migration cohort
  ---
  duration_ms: 2137.900754
  type: 'test'
  ...
# Subtest: API idempotency and cancellation reuse exact operation identity without implying durability or finality
ok 771 - API idempotency and cancellation reuse exact operation identity without implying durability or finality
  ---
  duration_ms: 15484.308223
  type: 'test'
  ...
# Subtest: Media state presentation, non-dummy input, and behavior-preserving relocation have explicit source rules
ok 772 - Media state presentation, non-dummy input, and behavior-preserving relocation have explicit source rules
  ---
  duration_ms: 39.123743
  type: 'test'
  ...
# Subtest: animation and simulation presentation use canonical time domains without implicit synchronization
ok 773 - animation and simulation presentation use canonical time domains without implicit synchronization
  ---
  duration_ms: 73.451124
  type: 'test'
  ...
# Subtest: all ten reusable component behavior rules preserve bounds, safety, and effect scope
ok 774 - all ten reusable component behavior rules preserve bounds, safety, and effect scope
  ---
  duration_ms: 420.892009
  type: 'test'
  ...
# Subtest: PDP-2 candidate is the complete exact 97-claim pending partition with immutable claim text
ok 775 - PDP-2 candidate is the complete exact 97-claim pending partition with immutable claim text
  ---
  duration_ms: 5.607193
  type: 'test'
  ...
# Subtest: all 96 normative routes resolve to exact current source values and reject every material-clause deletion
ok 776 - all 96 normative routes resolve to exact current source values and reject every material-clause deletion
  ---
  duration_ms: 19326.39134
  type: 'test'
  ...
# Subtest: OpenVDB stays a historical cited license fact, not an invented Media candidate or admission
ok 777 - OpenVDB stays a historical cited license fact, not an invented Media candidate or admission
  ---
  duration_ms: 4.101911
  type: 'test'
  ...
# Subtest: PDP-2 source-change, reuse-boundary, safety-contract, and quality-claim requirements have separate falsifiers
ok 778 - PDP-2 source-change, reuse-boundary, safety-contract, and quality-claim requirements have separate falsifiers
  ---
  duration_ms: 3507.336503
  type: 'test'
  ...
# Subtest: provider parameters cannot override reserved authority, budget, or routing fields
ok 779 - provider parameters cannot override reserved authority, budget, or routing fields
  ---
  duration_ms: 2445.751333
  type: 'test'
  ...
# Subtest: generated API projections remain subordinate to authored contracts
ok 780 - generated API projections remain subordinate to authored contracts
  ---
  duration_ms: 2705.951855
  type: 'test'
  ...
# Subtest: UI relocation, state labels, and operation inputs preserve the owning Media contract
ok 781 - UI relocation, state labels, and operation inputs preserve the owning Media contract
  ---
  duration_ms: 1932.483456
  type: 'test'
  ...
# Subtest: async, component, licensing, and CLI claims bind to their complete owner rules
ok 782 - async, component, licensing, and CLI claims bind to their complete owner rules
  ---
  duration_ms: 2339.466197
  type: 'test'
  ...
# Subtest: time controls reference distinct canonical media, sample, simulation, story, and wall clocks
ok 783 - time controls reference distinct canonical media, sample, simulation, story, and wall clocks
  ---
  duration_ms: 1899.208558
  type: 'test'
  ...
# Subtest: PXD-085 verifies exactly 46 migration owner routes against source, current value and claim pins
ok 784 - PXD-085 verifies exactly 46 migration owner routes against source, current value and claim pins
  ---
  duration_ms: 826.202831
  type: 'test'
  ...
# Subtest: PXD-085 review verification rejects owner-value loss, stale source pins, and forged acceptance
ok 785 - PXD-085 review verification rejects owner-value loss, stale source pins, and forged acceptance
  ---
  duration_ms: 0.849954
  type: 'test'
  ...
# Subtest: privacy, preservation, person-inference and wire-compatibility claims bind exact current owner rules
ok 786 - privacy, preservation, person-inference and wire-compatibility claims bind exact current owner rules
  ---
  duration_ms: 6.711539
  type: 'test'
  ...
# Subtest: PXD-100 person-inference addition is current-source evidence only; historical locator remains pending
ok 787 - PXD-100 person-inference addition is current-source evidence only; historical locator remains pending
  ---
  duration_ms: 18.972328
  type: 'test'
  ...
# Subtest: material mutations cannot erase privacy axes, uncertainty, preservation limits or exact wire compatibility
ok 788 - material mutations cannot erase privacy axes, uncertainty, preservation limits or exact wire compatibility
  ---
  duration_ms: 5.835011
  type: 'test'
  ...
# Subtest: profile and cross-product claims bind the exact complete Media owner rules
ok 789 - profile and cross-product claims bind the exact complete Media owner rules
  ---
  duration_ms: 5.309283
  type: 'test'
  ...
# Subtest: owner mappings reject loss of material clauses even when the target remains present
ok 790 - owner mappings reject loss of material clauses even when the target remains present
  ---
  duration_ms: 3.504958
  type: 'test'
  ...
# Subtest: finite alias rule is sourced from the command-language policy and not a product-owner label
ok 791 - finite alias rule is sourced from the command-language policy and not a product-owner label
  ---
  duration_ms: 0.412061
  type: 'test'
  ...
# Subtest: the Gharbatai/PHR consumer phrase is only a table label, not an ownership rule
ok 792 - the Gharbatai/PHR consumer phrase is only a table label, not an ownership rule
  ---
  duration_ms: 3.614104
  type: 'test'
  ...
# Subtest: PXD-086 verifies exactly 57 bounded profile/handoff claims and one source-metadata row
ok 793 - PXD-086 verifies exactly 57 bounded profile/handoff claims and one source-metadata row
  ---
  duration_ms: 2550.938811
  type: 'test'
  ...
# Subtest: PXD-084, PXD-085 and PXD-086 are disjoint immutable review cohorts
ok 794 - PXD-084, PXD-085 and PXD-086 are disjoint immutable review cohorts
  ---
  duration_ms: 5709.508181
  type: 'test'
  ...
# Subtest: migration review counters include PXD-086 without promoting phase acceptance
ok 795 - migration review counters include PXD-086 without promoting phase acceptance
  ---
  duration_ms: 2.131219
  type: 'test'
  ...
# Subtest: the fixed profile-semantics migration cohort preserves per-axis material meaning
ok 796 - the fixed profile-semantics migration cohort preserves per-axis material meaning
  ---
  duration_ms: 22.916692
  type: 'test'
  ...
# Subtest: profile material mutations cannot erase independent constraints or turn fallback into permission
ok 797 - profile material mutations cannot erase independent constraints or turn fallback into permission
  ---
  duration_ms: 8.407722
  type: 'test'
  ...
# Subtest: the finite qualification policy claim cohort binds exact Media owner rules and value digests
ok 798 - the finite qualification policy claim cohort binds exact Media owner rules and value digests
  ---
  duration_ms: 6.382301
  type: 'test'
  ...
# Subtest: qualification routes reject material policy weakening and cannot claim acceptance
ok 799 - qualification routes reject material policy weakening and cannot claim acceptance
  ---
  duration_ms: 13.48272
  type: 'test'
  ...
# Subtest: cache reuse is invalidated by authority, policy, output integrity, or context changes
ok 800 - cache reuse is invalidated by authority, policy, output integrity, or context changes
  ---
  duration_ms: 0.479725
  type: 'test'
  ...
# Subtest: solver bounds, patent rights, and cache profile identities are material qualification scope
ok 801 - solver bounds, patent rights, and cache profile identities are material qualification scope
  ---
  duration_ms: 1.843432
  type: 'test'
  ...
# Subtest: PDP-38 migration overlay exactly partitions all 260 historical unresolved blocks
ok 802 - PDP-38 migration overlay exactly partitions all 260 historical unresolved blocks
  ---
  duration_ms: 33030.234558
  type: 'test'
  ...
# Subtest: the MPSEM-0066 lead-in is classified from its exact colon-and-list source structure
ok 803 - the MPSEM-0066 lead-in is classified from its exact colon-and-list source structure
  ---
  duration_ms: 3.094904
  type: 'test'
  ...
# Subtest: the REV-03 table label is metadata while its problem and required resolution stay separate claims
ok 804 - the REV-03 table label is metadata while its problem and required resolution stay separate claims
  ---
  duration_ms: 3.352711
  type: 'test'
  ...
# Subtest: high-risk cover, identity, phase, and one-owner mappings reject unrelated stable targets
ok 805 - high-risk cover, identity, phase, and one-owner mappings reject unrelated stable targets
  ---
  duration_ms: 6.934961
  type: 'test'
  ...
# Subtest: model-acquisition review preserves the pinned snapshot and records the new owner policy delta
ok 806 - model-acquisition review preserves the pinned snapshot and records the new owner policy delta
  ---
  duration_ms: 1.270792
  type: 'test'
  ...
# Subtest: known migration target corrections preserve the full claim clauses at exact owner sources
ok 807 - known migration target corrections preserve the full claim clauses at exact owner sources
  ---
  duration_ms: 1.3261
  type: 'test'
  ...
# Subtest: mixed four-phase summary is decomposed into exact current owner sources
ok 808 - mixed four-phase summary is decomposed into exact current owner sources
  ---
  duration_ms: 0.453574
  type: 'test'
  ...
# Subtest: erasure negative boundary maps to the actual metadata-only confirmation rule
ok 809 - erasure negative boundary maps to the actual metadata-only confirmation rule
  ---
  duration_ms: 0.590312
  type: 'test'
  ...
# Subtest: license and adapter-sequencing claims preserve their exact owner-defined rules
ok 810 - license and adapter-sequencing claims preserve their exact owner-defined rules
  ---
  duration_ms: 1.601733
  type: 'test'
  ...
# Subtest: semantic assertions reject a stable but unrelated candidate target
ok 811 - semantic assertions reject a stable but unrelated candidate target
  ---
  duration_ms: 2.344444
  type: 'test'
  ...
# Subtest: all temporal claims preserve their historical source/target observations and remain pending review
ok 812 - all temporal claims preserve their historical source/target observations and remain pending review
  ---
  duration_ms: 2209.677571
  type: 'test'
  ...
# Subtest: temporal owner clauses reject loss of source mapping, full descriptors, solver bounds and package compatibility
ok 813 - temporal owner clauses reject loss of source mapping, full descriptors, solver bounds and package compatibility
  ---
  duration_ms: 604.548125
  type: 'test'
  ...
# Subtest: the current token impact overlay binds exact added source paths without changing historical alias claims
ok 814 - the current token impact overlay binds exact added source paths without changing historical alias claims
  ---
  duration_ms: 2.169067
  type: 'test'
  ...
# Subtest: a source impact overlay cannot relabel local source consumption as accepted public API adoption
ok 815 - a source impact overlay cannot relabel local source consumption as accepted public API adoption
  ---
  duration_ms: 0.589171
  type: 'test'
  ...
# Subtest: PDP overview pages link current authority, acceptance, and source inventory records
ok 816 - PDP overview pages link current authority, acceptance, and source inventory records
  ---
  duration_ms: 2.696394
  type: 'test'
  ...
# Subtest: PDP overview blocker summaries match generated candidate projections
ok 817 - PDP overview blocker summaries match generated candidate projections
  ---
  duration_ms: 2.427197
  type: 'test'
  ...
# Subtest: PDP overview docs keep phase prerequisites and independent/external gates explicit
ok 818 - PDP overview docs keep phase prerequisites and independent/external gates explicit
  ---
  duration_ms: 0.49287
  type: 'test'
  ...
# Subtest: PDP-3 overview preserves historical PXD-028 and current PXD-037 composition-link decisions
ok 819 - PDP-3 overview preserves historical PXD-028 and current PXD-037 composition-link decisions
  ---
  duration_ms: 0.421437
  type: 'test'
  ...
# Subtest: artifact lifecycle read is a definition-only exact-version query with trusted scope and complete state mapping
ok 820 - artifact lifecycle read is a definition-only exact-version query with trusted scope and complete state mapping
  ---
  duration_ms: 12854.265646
  type: 'test'
  ...
# Subtest: artifact lifecycle oracle accepts exact state/evidence and rejects mismatched state, authority, caller scope, or fabricated UNKNOWN
ok 821 - artifact lifecycle oracle accepts exact state/evidence and rejects mismatched state, authority, caller scope, or fabricated UNKNOWN
  ---
  duration_ms: 11989.32141
  type: 'test'
  ...
# Subtest: all 462 leaves have exact profile-channel applicability or a source-backed exclusion
ok 822 - all 462 leaves have exact profile-channel applicability or a source-backed exclusion
  ---
  duration_ms: 39.460386
  type: 'test'
  ...
# Subtest: channel rules keep protocol and product-interaction semantics separate
ok 823 - channel rules keep protocol and product-interaction semantics separate
  ---
  duration_ms: 0.4418
  type: 'test'
  ...
# Subtest: 15 review dimensions resolve every requirement type and all 462 exact leaf joins
ok 824 - 15 review dimensions resolve every requirement type and all 462 exact leaf joins
  ---
  duration_ms: 18807.695938
  type: 'test'
  ...
# Subtest: Media erasure inventory, hold, tombstone, and replay definitions resolve exact owner sources
ok 825 - Media erasure inventory, hold, tombstone, and replay definitions resolve exact owner sources
  ---
  duration_ms: 3.824336
  type: 'test'
  ...
# Subtest: copy inventory entries have a closed typed scope and evidence requirement
ok 826 - copy inventory entries have a closed typed scope and evidence requirement
  ---
  duration_ms: 12.240771
  type: 'test'
  ...
# Subtest: inventory observations bind exact subject and current read tuple
ok 827 - inventory observations bind exact subject and current read tuple
  ---
  duration_ms: 17.787492
  type: 'test'
  ...
# Subtest: hold and restore receipts require exact current scoped authority and deny malformed evidence
ok 828 - hold and restore receipts require exact current scoped authority and deny malformed evidence
  ---
  duration_ms: 31.896611
  type: 'test'
  ...
# Subtest: P1-08 binds the exact public Event Plane append and lookup dependency without claiming runtime readiness
ok 829 - P1-08 binds the exact public Event Plane append and lookup dependency without claiming runtime readiness
  ---
  duration_ms: 595.747456
  type: 'test'
  ...
# Subtest: P1-08 outbox eligibility requires one exact same-transaction tenant/event/fingerprint/version tuple
ok 830 - P1-08 outbox eligibility requires one exact same-transaction tenant/event/fingerprint/version tuple
  ---
  duration_ms: 1.693408
  type: 'test'
  ...
# Subtest: P1-08 deduplicates exact event replay and rejects conflicting identity, payload, and stale order
ok 831 - P1-08 deduplicates exact event replay and rejects conflicting identity, payload, and stale order
  ---
  duration_ms: 0.784261
  type: 'test'
  ...
# Subtest: P1-08 ambiguous append remains UNKNOWN until an exact current trusted lookup tuple matches
ok 832 - P1-08 ambiguous append remains UNKNOWN until an exact current trusted lookup tuple matches
  ---
  duration_ms: 6.097886
  type: 'test'
  ...
# Subtest: P1-08 exact append receipts and all nine event identities fail closed on conflicting evidence
ok 833 - P1-08 exact append receipts and all nine event identities fail closed on conflicting evidence
  ---
  duration_ms: 269.104889
  type: 'test'
  ...
# Subtest: new consent, job-list, and stream-inspection operations are exact typed owner contracts
ok 834 - new consent, job-list, and stream-inspection operations are exact typed owner contracts
  ---
  duration_ms: 3.812295
  type: 'test'
  ...
# Subtest: HTTP route candidates are kept separate from incomplete transport projections
ok 835 - HTTP route candidates are kept separate from incomplete transport projections
  ---
  duration_ms: 0.584814
  type: 'test'
  ...
# Subtest: the 19 exact PDP-3 operation joins resolve to source-owned object, state, authority, requirement, and result contracts
ok 836 - the 19 exact PDP-3 operation joins resolve to source-owned object, state, authority, requirement, and result contracts
  ---
  duration_ms: 1071.757279
  type: 'test'
  ...
# Subtest: binding resolution fails closed for substituted operations, foreign state/authority refs, and requirement drift
ok 837 - binding resolution fails closed for substituted operations, foreign state/authority refs, and requirement drift
  ---
  duration_ms: 221.816964
  type: 'test'
  ...
# Subtest: every declared NFR has one complete owner measurement method without implying observation or acceptance
ok 838 - every declared NFR has one complete owner measurement method without implying observation or acceptance
  ---
  duration_ms: 13155.002694
  type: 'test'
  ...
# Subtest: performance method binds all six proposed budgets while preserving unnamed environments as a gate
ok 839 - performance method binds all six proposed budgets while preserving unnamed environments as a gate
  ---
  duration_ms: 1.013083
  type: 'test'
  ...
# Subtest: missing method material and attempted qualification promotion fail validation
ok 840 - missing method material and attempted qualification promotion fail validation
  ---
  duration_ms: 3.683168
  type: 'test'
  ...
# Subtest: SLO and human/specialist methods remain gated on their real external evidence
ok 841 - SLO and human/specialist methods remain gated on their real external evidence
  ---
  duration_ms: 0.331313
  type: 'test'
  ...
# Subtest: all raw observation records accept exact current query/read tuples only
ok 842 - all raw observation records accept exact current query/read tuples only
  ---
  duration_ms: 783.593728
  type: 'test'
  ...
# Subtest: quality action-plan read binds nested assessment identity, requested kinds and ready controls
ok 843 - quality action-plan read binds nested assessment identity, requested kinds and ready controls
  ---
  duration_ms: 5.337628
  type: 'test'
  ...
# Subtest: trustworthy-output applicability follows output-producer role and preserves incomplete candidates
ok 844 - trustworthy-output applicability follows output-producer role and preserves incomplete candidates
  ---
  duration_ms: 6417.335467
  type: 'test'
  ...
# Subtest: job read projections preserve the Java/OpenAPI record and fail closed on unmapped state/finality
ok 845 - job read projections preserve the Java/OpenAPI record and fail closed on unmapped state/finality
  ---
  duration_ms: 10430.152498
  type: 'test'
  ...
# Subtest: provider and recovery populations include exact local compute and unknown asynchronous operations
ok 846 - provider and recovery populations include exact local compute and unknown asynchronous operations
  ---
  duration_ms: 5812.882876
  type: 'test'
  ...
# Subtest: all 38 current object identities have explicit typed owner or source-observation dispositions
ok 847 - all 38 current object identities have explicit typed owner or source-observation dispositions
  ---
  duration_ms: 4.254347
  type: 'test'
  ...
# Subtest: named cross-entity relationships bind exact same-tenant typed references
ok 848 - named cross-entity relationships bind exact same-tenant typed references
  ---
  duration_ms: 0.802145
  type: 'test'
  ...
# Subtest: identity oracle rejects missing or caller-overridden tenant, malformed IDs, and same-tenant collisions
ok 849 - identity oracle rejects missing or caller-overridden tenant, malformed IDs, and same-tenant collisions
  ---
  duration_ms: 3.748362
  type: 'test'
  ...
# Subtest: shared subtype identity namespaces collide on the canonical ProcessingJob tuple
ok 850 - shared subtype identity namespaces collide on the canonical ProcessingJob tuple
  ---
  duration_ms: 0.918973
  type: 'test'
  ...
# Subtest: every canonical identity tuple has an executable typed positive and missing/malformed negative
ok 851 - every canonical identity tuple has an executable typed positive and missing/malformed negative
  ---
  duration_ms: 7.475497
  type: 'test'
  ...
# Subtest: version identity is independent from digest and lineage rejects cross-tenant, kind-mismatch, and cycles
ok 852 - version identity is independent from digest and lineage rejects cross-tenant, kind-mismatch, and cycles
  ---
  duration_ms: 2.427448
  type: 'test'
  ...
# Subtest: owner wire overlays close all 11 simulation pass leaves and 18 edit leaves
ok 853 - owner wire overlays close all 11 simulation pass leaves and 18 edit leaves
  ---
  duration_ms: 1306.349715
  type: 'test'
  ...
# Subtest: owner wire base selectors resolve an exact real operation, profile, and bound
ok 854 - owner wire base selectors resolve an exact real operation, profile, and bound
  ---
  duration_ms: 613.489798
  type: 'test'
  ...
# Subtest: simulation passes reject cross-pass output, missing provenance and wrong source bindings
ok 855 - simulation passes reject cross-pass output, missing provenance and wrong source bindings
  ---
  duration_ms: 93.650672
  type: 'test'
  ...
# Subtest: edit leaves reject wrong operation parameters, unsupported media types and unbound source/output versions
ok 856 - edit leaves reject wrong operation parameters, unsupported media types and unbound source/output versions
  ---
  duration_ms: 61.375944
  type: 'test'
  ...
# Subtest: owner wire schemas reject invalid calendar dates, whitespace identifiers and undeclared formats
ok 857 - owner wire schemas reject invalid calendar dates, whitespace identifiers and undeclared formats
  ---
  duration_ms: 2.683594
  type: 'test'
  ...
# Subtest: owner meanings close the previously pending state semantics without rewriting historical extraction
ok 858 - owner meanings close the previously pending state semantics without rewriting historical extraction
  ---
  duration_ms: 3.092482
  type: 'test'
  ...
# Subtest: PDP-1 accepted product rules project to exact accountable P0 rule records
ok 859 - PDP-1 accepted product rules project to exact accountable P0 rule records
  ---
  duration_ms: 2.329666
  type: 'test'
  ...
# Subtest: P0 projection targets are exact and do not become duplicate PDP-1 authority
ok 860 - P0 projection targets are exact and do not become duplicate PDP-1 authority
  ---
  duration_ms: 23.19204
  type: 'test'
  ...
# Subtest: P0 domainRules are generated through the exact six P1 owner decisions and reject semantic drift
ok 861 - P0 domainRules are generated through the exact six P1 owner decisions and reject semantic drift
  ---
  duration_ms: 4.545497
  type: 'test'
  ...
# Subtest: PDP-1 invariant, trust, and ownership definitions reject unsafe coercion and owner substitution
ok 862 - PDP-1 invariant, trust, and ownership definitions reject unsafe coercion and owner substitution
  ---
  duration_ms: 77.363265
  type: 'test'
  ...
# Subtest: provenance observation schema carries exact caller-scoped version, lineage, access, and completeness
ok 863 - provenance observation schema carries exact caller-scoped version, lineage, access, and completeness
  ---
  duration_ms: 10.164997
  type: 'test'
  ...
# Subtest: quality crosswalk covers every leaf against all six dimensions and 16 metrics
ok 864 - quality crosswalk covers every leaf against all six dimensions and 16 metrics
  ---
  duration_ms: 200.867614
  type: 'test'
  ...
# Subtest: modality-specific applicability follows exact typed subjects and AV sync requires both modalities
ok 865 - modality-specific applicability follows exact typed subjects and AV sync requires both modalities
  ---
  duration_ms: 2.795261
  type: 'test'
  ...
# Subtest: intents, analysis/transcript evidence and conditional references cannot masquerade as produced media signals
ok 866 - intents, analysis/transcript evidence and conditional references cannot masquerade as produced media signals
  ---
  duration_ms: 0.770943
  type: 'test'
  ...
# Subtest: identity and domain applicability keep required authority and qualification gates explicit
ok 867 - identity and domain applicability keep required authority and qualification gates explicit
  ---
  duration_ms: 2.203054
  type: 'test'
  ...
# Subtest: owner race contract has stable IDs, exact machine refs and explicit non-runtime status
ok 868 - owner race contract has stable IDs, exact machine refs and explicit non-runtime status
  ---
  duration_ms: 4.382217
  type: 'test'
  ...
# Subtest: fence, process death, unknown result and cancel race fail closed
ok 869 - fence, process death, unknown result and cancel race fail closed
  ---
  duration_ms: 0.869454
  type: 'test'
  ...
# Subtest: process death reconciles only a current verified receipt bound to the durable dispatch tuple
ok 870 - process death reconciles only a current verified receipt bound to the durable dispatch tuple
  ---
  duration_ms: 0.83201
  type: 'test'
  ...
# Subtest: retry requires current typed outcome and policy evidence, remaining budget, a new attempt and a greater fence
ok 871 - retry requires current typed outcome and policy evidence, remaining budget, a new attempt and a greater fence
  ---
  duration_ms: 1.672629
  type: 'test'
  ...
# Subtest: authoritative job outcome reconciliation requires current exact subject and authority
ok 872 - authoritative job outcome reconciliation requires current exact subject and authority
  ---
  duration_ms: 0.863857
  type: 'test'
  ...
# Subtest: delivery acknowledgment requires a current verified destination receipt bound to the exact output and request
ok 873 - delivery acknowledgment requires a current verified destination receipt bound to the exact output and request
  ---
  duration_ms: 0.923103
  type: 'test'
  ...
# Subtest: all 448 canonical capability request and result schemas close against exact typed payload/scalar definitions
ok 874 - all 448 canonical capability request and result schemas close against exact typed payload/scalar definitions
  ---
  duration_ms: 13686.211566
  type: 'test'
  ...
# Subtest: all 101 input and 69 output type definitions are material, closed, and reject missing required evidence
ok 875 - all 101 input and 69 output type definitions are material, closed, and reject missing required evidence
  ---
  duration_ms: 947.265323
  type: 'test'
  ...
# Subtest: rational frame-rate limits use the exact BigInt validator and fail closed
ok 876 - rational frame-rate limits use the exact BigInt validator and fail closed
  ---
  duration_ms: 24.946138
  type: 'test'
  ...
# Subtest: all 14 existing-operation capability bindings resolve to their exact source-owned wire schemas
ok 877 - all 14 existing-operation capability bindings resolve to their exact source-owned wire schemas
  ---
  duration_ms: 1293.827538
  type: 'test'
  ...
# Subtest: STT profile operations define typed, tenant-scoped, versioned Media semantics without runtime admission
ok 878 - STT profile operations define typed, tenant-scoped, versioned Media semantics without runtime admission
  ---
  duration_ms: 113.702644
  type: 'test'
  ...
# Subtest: race applicability accounts for all 11 machines, 87 states and 55 source/owner edges
ok 879 - race applicability accounts for all 11 machines, 87 states and 55 source/owner edges
  ---
  duration_ms: 6.61218
  type: 'test'
  ...
# Subtest: all 55 transitions allow each declared legal edge and reject every forbidden source pair
ok 880 - all 55 transitions allow each declared legal edge and reject every forbidden source pair
  ---
  duration_ms: 274.288637
  type: 'test'
  ...
# Subtest: eight observation schemas are stable typed query definitions and never imply runtime binding
ok 881 - eight observation schemas are stable typed query definitions and never imply runtime binding
  ---
  duration_ms: 6.315156
  type: 'test'
  ...
# Subtest: raw rights, quality, profile and provenance observations retain their fail-closed material predicates
ok 882 - raw rights, quality, profile and provenance observations retain their fail-closed material predicates
  ---
  duration_ms: 1.028964
  type: 'test'
  ...
# Subtest: new declared-options and quality-plan queries have explicit positive and negative branches
ok 883 - new declared-options and quality-plan queries have explicit positive and negative branches
  ---
  duration_ms: 1.283495
  type: 'test'
  ...
# Subtest: retry-policy read is exact current evidence and never self-authorizes a retry
ok 884 - retry-policy read is exact current evidence and never self-authorizes a retry
  ---
  duration_ms: 77.104826
  type: 'test'
  ...
# Subtest: PDP-1 adjudicates exactly 38 product identities and retains legacy transcription as noncanonical evidence
ok 885 - PDP-1 adjudicates exactly 38 product identities and retains legacy transcription as noncanonical evidence
  ---
  duration_ms: 271.874668
  type: 'test'
  ...
# Subtest: PDP-1 state meanings and transitions preserve all source dimensions, guards, and endpoints
ok 886 - PDP-1 state meanings and transitions preserve all source dimensions, guards, and endpoints
  ---
  duration_ms: 268.291483
  type: 'test'
  ...
# Subtest: all 146 action identities have a source-backed operation or non-operation disposition
ok 887 - all 146 action identities have a source-backed operation or non-operation disposition
  ---
  duration_ms: 11357.468697
  type: 'test'
  ...
# Subtest: P0 exact capability-to-operation decisions resolve only fully classified action slices
ok 888 - P0 exact capability-to-operation decisions resolve only fully classified action slices
  ---
  duration_ms: 11412.857527
  type: 'test'
  ...
# Subtest: P0 defines every capability leaf with exact typed operations, bounds, and honest admission dimensions
ok 889 - P0 defines every capability leaf with exact typed operations, bounds, and honest admission dimensions
  ---
  duration_ms: 15875.920115
  type: 'test'
  ...
# Subtest: P0 assigns every capability leaf explicit channel applicability without treating proposals as admission
ok 890 - P0 assigns every capability leaf explicit channel applicability without treating proposals as admission
  ---
  duration_ms: 5152.083888
  type: 'test'
  ...
# Subtest: P1-08 distinguishes nine durable event definitions from fifteen local notifications
ok 891 - P1-08 distinguishes nine durable event definitions from fifteen local notifications
  ---
  duration_ms: 61.98754
  type: 'test'
  ...
# Subtest: P0-06 enumerates exact capability applicability without inventing a measured population
ok 892 - P0-06 enumerates exact capability applicability without inventing a measured population
  ---
  duration_ms: 14912.920214
  type: 'test'
  ...
# Subtest: P0 capability schemas use closed typed payloads, scalar validators, and the exact flat request envelope
ok 893 - P0 capability schemas use closed typed payloads, scalar validators, and the exact flat request envelope
  ---
  duration_ms: 7703.135593
  type: 'test'
  ...
# Subtest: P0 canonical capability request schemas accept typed inputs and reject malformed or over-posted requests
ok 894 - P0 canonical capability request schemas accept typed inputs and reject malformed or over-posted requests
  ---
  duration_ms: 7313.586307
  type: 'test'
  ...
# Subtest: P1-10 owner boundaries fail closed while leaving enforcement and qualification unclaimed
ok 895 - P1-10 owner boundaries fail closed while leaving enforcement and qualification unclaimed
  ---
  duration_ms: 18.875015
  type: 'test'
  ...
# Subtest: P0 model acquisition and reuse policy separates package licenses from model and asset terms
ok 896 - P0 model acquisition and reuse policy separates package licenses from model and asset terms
  ---
  duration_ms: 22.790562
  type: 'test'
  ...
# Subtest: P0 channel and dependency update semantics define bounded CLI and promotion rules without admission
ok 897 - P0 channel and dependency update semantics define bounded CLI and promotion rules without admission
  ---
  duration_ms: 257.280235
  type: 'test'
  ...
# Subtest: all 55 transition identities bind typed, source-current, explicit edge contracts
ok 898 - all 55 transition identities bind typed, source-current, explicit edge contracts
  ---
  duration_ms: 26.339413
  type: 'test'
  ...
# Subtest: each edge fails when its material positive predicate is missing or false
ok 899 - each edge fails when its material positive predicate is missing or false
  ---
  duration_ms: 46.784177
  type: 'test'
  ...
# Subtest: tenant, compare-and-swap, finality, and consent revocation use concrete fail-closed oracles
ok 900 - tenant, compare-and-swap, finality, and consent revocation use concrete fail-closed oracles
  ---
  duration_ms: 1.001741
  type: 'test'
  ...
# Subtest: competing multi-target outcomes require distinct evidence and contradictory classifications fail
ok 901 - competing multi-target outcomes require distinct evidence and contradictory classifications fail
  ---
  duration_ms: 0.80791
  type: 'test'
  ...
# Subtest: unknown predicates, source drift, and malformed ASTs fail closed without runtime effects
ok 902 - unknown predicates, source drift, and malformed ASTs fail closed without runtime effects
  ---
  duration_ms: 6.702922
  type: 'test'
  ...
# Subtest: three-valued NOT and Boolean nodes never turn unknown or malformed predicates into permission
ok 903 - three-valued NOT and Boolean nodes never turn unknown or malformed predicates into permission
  ---
  duration_ms: 14.910622
  type: 'test'
  ...
# Subtest: ExperienceSpecification required props map exact typed contracts and the three public source interfaces
ok 904 - ExperienceSpecification required props map exact typed contracts and the three public source interfaces
  ---
  duration_ms: 3.762189
  type: 'test'
  ...
# Subtest: canonical Media product-definition authority is structurally closed locally
ok 905 - canonical Media product-definition authority is structurally closed locally
  ---
  duration_ms: 10976.336663
  type: 'test'
  ...
# Subtest: bounded J-01 source bindings fail closed on forged authority, operation, or runtime admission
ok 906 - bounded J-01 source bindings fail closed on forged authority, operation, or runtime admission
  ---
  duration_ms: 10528.442754
  type: 'test'
  ...
# Subtest: bounded J-03 caption-version definitions fail closed on swapped action, operation, decision, or admission
ok 907 - bounded J-03 caption-version definitions fail closed on swapped action, operation, decision, or admission
  ---
  duration_ms: 1418.28614
  type: 'test'
  ...
# Subtest: bounded J-03 caption-draft definitions fail closed on action, operation, clock, undo, or admission drift
ok 908 - bounded J-03 caption-draft definitions fail closed on action, operation, clock, undo, or admission drift
  ---
  duration_ms: 1021.761068
  type: 'test'
  ...
# Subtest: bounded J-03 submission fails closed on wrong operation, a fabricated state edge, or admission
ok 909 - bounded J-03 submission fails closed on wrong operation, a fabricated state edge, or admission
  ---
  duration_ms: 7.66208
  type: 'test'
  ...
# Subtest: bounded J-03 transcript review fails closed on wrong identity, source, operation, or admission
ok 910 - bounded J-03 transcript review fails closed on wrong identity, source, operation, or admission
  ---
  duration_ms: 216.849082
  type: 'test'
  ...
# Subtest: PDP3 screen registry has 47 structurally complete v2 canonical screen proposals
ok 911 - PDP3 screen registry has 47 structurally complete v2 canonical screen proposals
  ---
  duration_ms: 21.892861
  type: 'test'
  ...
# Subtest: acceptance inputs use the four canonical PDP phases and keep Explorer outside the phase ledger
ok 912 - acceptance inputs use the four canonical PDP phases and keep Explorer outside the phase ledger
  ---
  duration_ms: 3.592437
  type: 'test'
  ...
# Subtest: active authority and experience metadata use canonical PDP labels without renaming stable IDs
ok 913 - active authority and experience metadata use canonical PDP labels without renaming stable IDs
  ---
  duration_ms: 46.568796
  type: 'test'
  ...
# Subtest: active cross-phase metadata uses canonical PDP labels while stable exception identities remain intact
ok 914 - active cross-phase metadata uses canonical PDP labels while stable exception identities remain intact
  ---
  duration_ms: 557.159121
  type: 'test'
  ...
# Subtest: PDP3-005 journey steps are structured, provenance-bound proposals across all 30 contracts
ok 915 - PDP3-005 journey steps are structured, provenance-bound proposals across all 30 contracts
  ---
  duration_ms: 1831.695908
  type: 'test'
  ...
# Subtest: gRPC source inventory status matches the active proto census without changing pending bindings
ok 916 - gRPC source inventory status matches the active proto census without changing pending bindings
  ---
  duration_ms: 27.974554
  type: 'test'
  ...
# Subtest: PDP1 operation proposal preserves source denominators and the complete proposal field shape
ok 917 - PDP1 operation proposal preserves source denominators and the complete proposal field shape
  ---
  duration_ms: 248.851519
  type: 'test'
  ...
# Subtest: active G-05 mirrors match current proposal counts without implying acceptance
ok 918 - active G-05 mirrors match current proposal counts without implying acceptance
  ---
  duration_ms: 1.756189
  type: 'test'
  ...
# Subtest: PDP1 event inventory preserves lifecycle and local-client populations without inventing contracts
ok 919 - PDP1 event inventory preserves lifecycle and local-client populations without inventing contracts
  ---
  duration_ms: 365.784151
  type: 'test'
  ...
# Subtest: PDP1-005 registries preserve observed facts, proposal boundaries, and owner gates
ok 920 - PDP1-005 registries preserve observed facts, proposal boundaries, and owner gates
  ---
  duration_ms: 1.462527
  type: 'test'
  ...
# Subtest: PDP1 state and transition extraction remains proposal-only and preserves unresolved source conflicts
ok 921 - PDP1 state and transition extraction remains proposal-only and preserves unresolved source conflicts
  ---
  duration_ms: 92.534094
  type: 'test'
  ...
# Subtest: PDP-1 negative state cases encode owner-approved non-equivalences without claiming runtime proof
ok 922 - PDP-1 negative state cases encode owner-approved non-equivalences without claiming runtime proof
  ---
  duration_ms: 0.873653
  type: 'test'
  ...
# Subtest: PDP-0 YAML source preserves corrected indentation and symbol-scoped OCR disposition (text checks only)
ok 923 - PDP-0 YAML source preserves corrected indentation and symbol-scoped OCR disposition (text checks only)
  ---
  duration_ms: 3866.965399
  type: 'test'
  ...
# Subtest: scope-status validation never infers compatibility from nearby wording
ok 924 - scope-status validation never infers compatibility from nearby wording
  ---
  duration_ms: 0.54022
  type: 'test'
  ...
# Subtest: nested journey records each require exactly one allowed scopeStatus
ok 925 - nested journey records each require exactly one allowed scopeStatus
  ---
  duration_ms: 0.418501
  type: 'test'
  ...
# Subtest: Explorer index exposes source paths without workstation identity
ok 926 - Explorer index exposes source paths without workstation identity
  ---
  duration_ms: 0.519241
  type: 'test'
  ...
# Subtest: generated Explorer index covers every current source-manifest artifact exactly once
ok 927 - generated Explorer index covers every current source-manifest artifact exactly once
  ---
  duration_ms: 6.70864
  type: 'test'
  ...
# Subtest: HTTP route, SDK, and interface projections retain canonical ownership
ok 928 - HTTP route, SDK, and interface projections retain canonical ownership
  ---
  duration_ms: 143.278156
  type: 'test'
  ...
# Subtest: screen composition records retain Shared-boundary design metadata
ok 929 - screen composition records retain Shared-boundary design metadata
  ---
  duration_ms: 5130.118509
  type: 'test'
  ...
# Subtest: PDP2-002 GUI pattern registry covers every required category without inventing destructive semantics
ok 930 - PDP2-002 GUI pattern registry covers every required category without inventing destructive semantics
  ---
  duration_ms: 1.791948
  type: 'test'
  ...
# Subtest: PDP2-004/005 interface registries are complete proposals with owner and runtime boundaries explicit
ok 931 - PDP2-004/005 interface registries are complete proposals with owner and runtime boundaries explicit
  ---
  duration_ms: 3.458024
  type: 'test'
  ...
# Subtest: ProductDefinition domain rules resolve only the six exact PXD-035 accepted PDP-1 decisions
ok 932 - ProductDefinition domain rules resolve only the six exact PXD-035 accepted PDP-1 decisions
  ---
  duration_ms: 85.56812
  type: 'test'
  ...
# Subtest: rejects a forged PDP-1 source key even when the projection row claims owner acceptance
ok 933 - rejects a forged PDP-1 source key even when the projection row claims owner acceptance
  ---
  duration_ms: 53.802268
  type: 'test'
  ...
# Subtest: rejects stale decision polarity and non-admitted PDP-1 decisions
ok 934 - rejects stale decision polarity and non-admitted PDP-1 decisions
  ---
  duration_ms: 38.578292
  type: 'test'
  ...
# Subtest: rejects an accepted decision key attached to the wrong rule ID
ok 935 - rejects an accepted decision key attached to the wrong rule ID
  ---
  duration_ms: 25.94048
  type: 'test'
  ...
# Subtest: Product Definition local invariant check covers all phase denominators
ok 936 - Product Definition local invariant check covers all phase denominators
  ---
  duration_ms: 631.196711
  type: 'test'
  ...
# Subtest: missing required screen refs/shapes fail closed
ok 937 - missing required screen refs/shapes fail closed
  ---
  duration_ms: 745.423152
  type: 'test'
  ...
# Subtest: unresolvable required screen schema reference fails closed
ok 938 - unresolvable required screen schema reference fails closed
  ---
  duration_ms: 711.54038
  type: 'test'
  ...
# Subtest: unknown screen binding status fails closed
ok 939 - unknown screen binding status fails closed
  ---
  duration_ms: 822.339708
  type: 'test'
  ...
# Subtest: accepted or complete screen binding statuses are rejected
ok 940 - accepted or complete screen binding statuses are rejected
  ---
  duration_ms: 1773.229923
  type: 'test'
  ...
# Subtest: screen requirement references must equal the direct action-capability crosswalk
ok 941 - screen requirement references must equal the direct action-capability crosswalk
  ---
  duration_ms: 879.302811
  type: 'test'
  ...
# Subtest: journey step requirement references must equal the direct action-capability crosswalk
ok 942 - journey step requirement references must equal the direct action-capability crosswalk
  ---
  duration_ms: 816.724156
  type: 'test'
  ...
# Subtest: Media consumer can load, render, inspect, and dispatch through the Tools Explorer API
ok 943 - Media consumer can load, render, inspect, and dispatch through the Tools Explorer API
  ---
  duration_ms: 23.249104
  type: 'test'
  ...
1..943
# tests 943
# suites 0
# pass 942
# fail 1
# cancelled 0
# skipped 0
# todo 0
# duration_ms 647801.069218
